,Name,Disaster,Begin Date,End Date,CPI-Adjusted Cost,Unadjusted Cost,Deaths,Event Duration,Event ID,Summary
0,Midwest Drought (Spring-Summer 2005),Drought,2005-03-01,2005-08-31,2433.6,1474.8,0.0,183,0,"Rather severe localized drought causes significant crop losses (especially for corn and soybeans) in the states of AR, IL, IA, IN, MO, OH, and WI."
1,Southeast Severe Weather (March 2005),Severe Storm,2005-03-24,2005-03-27,1410.0,865.0,0.0,3,1,"Severe storms cause widespread hail damage across numerous states including TX, AL, MS, GA, FL, NC and VA."
2,Hurricane Dennis (July 2005),Tropical Cyclone,2005-07-09,2005-07-11,4017.0,2495.0,15.0,2,2,"Category 3 hurricane makes landfall in western Florida panhandle resulting in storm surge and wind damage along the FL and AL coasts, along with scattered wind and flood damage in GA and MS."
3,Hurricane Katrina (August 2005),Tropical Cyclone,2005-08-25,2005-08-30,201297.5,125029.5,1833.0,5,3,"Category 3 hurricane initially impacts the U.S. as a Category 1 near Miami, FL, then as a strong Category 3 along the eastern LA-western MS coastlines, resulting in severe storm surge damage (maximum surge probably exceeded 30 feet) along the LA-MS-AL coasts, wind damage, and the failure of parts of the levee system in New Orleans. Inland effects included high winds and some flooding in the states of AL, MS, FL, TN, KY, IN, OH, and GA."
4,Hurricane Rita (September 2005),Tropical Cyclone,2005-09-20,2005-09-24,29415.2,18500.1,119.0,4,4,"Category 3 hurricane hits Texas-Louisiana border coastal region, creating significant storm surge and wind damage along the coast, and some inland flooding in the FL panhandle, AL, MS, LA, AR, and TX. Prior to landfall, Rita reached the third lowest pressure (897 mb) ever recorded in the Atlantic basin."
5,Hurricane Wilma (October 2005),Tropical Cyclone,2005-10-24,2005-10-24,30020.0,19000.0,35.0,0,5,"Category 3 hurricane hits SW Florida resulting in strong damaging winds and major flooding across southeastern Florida. Prior to landfall, Wilma as a Category 5 recorded the lowest pressure (882 mb) ever recorded in the Atlantic basin."
6,Numerous Wildfires (2006),Wildfire,2006-01-01,2006-12-31,2332.8,1467.1,28.0,364,6,"Numerous wildfires driven by dry weather and high winds burned over 9.8 million acres, across the western half of the country including Alaska. This is the second highest annual total behind the 10.1 million acres burned in 2015 since record-keeping began in 1960. The most affected states were AK, AZ, CA, CO, FL, ID, MT, NM, NV, OK, OR, TX, WA, WY"
7,Midwest/Plains/Southeast Drought (Spring-Summer 2006),Drought,2006-03-01,2006-08-31,9536.7,5997.9,0.0,183,7,"Rather severe drought affected crops especially during the spring-summer, centered over the Great Plains region with other areas affected across portions of the south -- including states of ND, SD, NE, KS, OK, TX, MN, IA, MO, AR, LA, MS, AL, GA, FL, MT, WY, CO, NM."
8,Severe Storms and Tornadoes (March 2006),Severe Storm,2006-03-08,2006-03-13,2113.3,1337.5,10.0,5,8,"Outbreak of tornadoes over portions of the midwest and south during a week-long period-affecting the states of AL, AR, KY, MS, TN, TX, IN, KS, MO, and OK."
9,Midwest/Southeast Tornadoes (April 6-8 2006),Severe Storm,2006-04-06,2006-04-08,2518.2,1603.8,10.0,2,9,"Severe weather and numerous tornadoes affecting the states of OK, KS, MO, NE, KY, OH, TN, IN, MS, GA, and AL on April 6-8 with 3 ""killer"" tornadoes in TN."
10,Midwest Tornadoes (April 2006),Severe Storm,2006-04-13,2006-04-16,3804.9,2423.5,27.0,3,10,"Tornadoes and severe weather cause significant damage in the states of IA, IL, IN, and WI. The state of Indiana was most affected with over one billion dollars in damage."
11,Northeast Flooding (June 2006),Flooding,2006-06-25,2006-06-28,2358.5,1521.6,20.0,3,11,"Severe flooding over portions of the northeast due to several weeks of heavy rainfall, affecting the states of NY, PA, DE, MD, NJ, and VA."
12,North Central Severe Weather and Tornadoes (August 2006),Severe Storm,2006-08-23,2006-08-24,1176.6,759.0,1.0,1,12,"Severe weather and tornadoes cause impacts across several north central states including Minnesota, Wisconsin, Indiana and Illinois."
13,Central Severe Weather (October 2006),Severe Storm,2006-10-02,2006-10-05,1371.3,879.0,1.0,3,13,"Severe storms cause high wind and hail damage across numerous states including OH, IL, IN, MI, MN and WI."
14,California Freeze (January 2007),Freeze,2007-01-11,2007-01-17,2184.0,1400.0,1.0,6,14,"Widespread agricultural freeze -- for nearly two weeks in January, overnight temperatures over a good portion of California dipped into the 20s, destroying numerous agricultural crops; with citrus, berry, and vegetable crops most affected."
15,Spring Freeze (April 2007),Freeze,2007-04-04,2007-04-10,3188.5,2044.0,0.0,6,15,"Widespread severe freeze over much of the east and midwest (AL, AR, GA, IA, IL, IN, KS, KY, MO, MS, NC, NE, OH, OK, SC, TN, VA, WV), causing significant losses in fruit crops, field crops (especially wheat), and the ornamental industry. Temperatures in the teens/20s accompanied by rather high winds nullified typical crop-protection systems."
16,East/South Severe Weather and Flooding (April 2007),Severe Storm,2007-04-13,2007-04-17,3836.9,2507.8,9.0,4,16,"Flooding, hail, tornadoes, and severe thunderstorms across numerous states (CT, DE, GA, LA, ME, MD, MA, MS, NH, NJ, NY, NC, PA, RI, SC, TX, VT, VA) in mid-April, including 3 ""killer"" tornadoes."
17,Western Wildfires (Summer 2007),Wildfire,2007-06-01,2007-08-31,4139.4,2741.3,12.0,91,17,"Continued drought conditions and high winds over much of the western U.S. (AK, AZ, CA, ID, UT, MT, NV, OR, WA) resulting in numerous wildfires; with national acreage burned exceeding 8.9 million acres (mainly in the west) and over 3,000 homes and structures destroyed in southern California alone."
18,Western/Eastern Drought/Heat Wave (Summer-Fall 2007),Drought,2007-06-01,2007-11-30,5519.7,3538.3,15.0,182,18,"Severe drought with periods of extreme heat over most of the southeast and portions of the Great Plains, Ohio Valley, and Great Lakes area, resulting in major reductions in crop yields, along with very low stream-flows and lake levels. Includes states of ND, SD, NE, KS, OK, TX, MN, WI, IA, MO, AR, LA, MS, AL, GA, NC, SC, FL, TN, VA, WV, KY, IN, IL, OH, MI, PA, NY."
19,U.S. Drought (2008),Drought,2008-01-01,2008-12-31,10444.7,7009.8,0.0,365,19,"Severe drought and heat caused agricultural losses across a large portion of the U.S. Record low lake levels also occurred in areas of the southeast. The states impacted include AL, AR, CA, CO, GA, ID, IN, KS, KY, MD, MN, MS, MT, NC, ND, NJ, NM, OH, OK, OR, SC, TN, TX, UT, VA, WA and WI."
20,Western Central and Northeast Severe Weather (January 2008),Severe Storm,2008-01-04,2008-01-09,1463.3,982.0,12.0,5,20,"Strong storm produces severe weather including hail, high winds and heavy precipitation from California to New York. Flash floods and landslides cause damage in California. In addition, more than 70 tornadoes were reported from Arkansas to Wisconsin, with the highest concentration of tornadoes in Missouri."
21,Southeast Tornadoes and Severe Weather (February 2008),Severe Storm,2008-02-05,2008-02-06,1805.3,1211.6,57.0,1,21,"Series of tornadoes and severe thunderstorms across the Southeast and Midwest states (AL, AR, IN, KY, MS, OH, TN, TX) with 87 tornadoes confirmed."
22,Southeast Tornadoes (March 2008),Severe Storm,2008-03-14,2008-03-15,1673.9,1131.0,5.0,1,22,Tornadoes and severe weather across Georgia and South Carolina. This includes an EF-2 tornado causing damage to numerous buildings in downtown Atlanta.
23,Midwest Flooding (Summer 2008),Flooding,2008-04-01,2008-06-30,14838.0,9958.4,24.0,90,23,"Heavy rain and flooding caused significant agricultural loss and property damage in IA, IL, IN, MO, MN, NE, and WI with IA being hardest hit with widespread rainfall totals ranging from 4 to over 16 inches."
24,Southern Severe Weather (April 2008),Severe Storm,2008-04-09,2008-04-11,1528.3,1039.6,2.0,2,24,"Severe storms affect Arkansas, Oklahoma and Texas across the South."
25,Midwest Tornadoes and Severe Weather (May 2008),Severe Storm,2008-05-22,2008-05-27,4423.1,3029.5,13.0,5,25,"Outbreak of tornadoes over the Midwest/Ohio Valley regions (IL, IN, IA, KS, MN, NE, OK, WY, CO) with 235 tornadoes confirmed."
26,Midwest/Mid-Atlantic Severe Weather (June 2008),Severe Storm,2008-06-06,2008-06-12,2355.7,1635.9,18.0,6,26,"An outbreak of tornadoes and thunderstorms over the Midwest/Mid-Atlantic states (IA, IL, IN, KS, NE, MI, MN, MO, OK, WI, MD, VA, WV)."
27,Hurricane Dolly (July 2008),Tropical Cyclone,2008-07-23,2008-07-25,1812.2,1267.3,3.0,2,27,Category 2 hurricane makes landfall in southern Texas causing considerable wind and flooding damage in TX and NM.
28,Hurricane Gustav (September 2008),Tropical Cyclone,2008-08-31,2008-09-03,8635.7,5997.0,53.0,3,28,"Category 2 hurricane makes landfall in Louisiana causing significant wind, storm surge, and flooding damage in AL, AR, LA, and MS."
29,U.S. Wildfires (Fall 2008),Wildfire,2008-09-01,2008-11-30,1777.0,1234.0,16.0,90,29,"Drought conditions across numerous western, central and southeastern states (AK, AZ, CA, NM, ID, UT, MT, NV, OR, WA, CO, TX, OK, NC, FL ) resulted in thousands of wildfires; national acreage burned exceeding 5.2 million acres (mainly in the west) and over 1,000 homes and structures destroyed in California fires alone."
30,Hurricane Ike (September 2008),Tropical Cyclone,2008-09-12,2008-09-14,43198.4,29998.8,112.0,2,30,"Category 2 hurricane makes landfall in Texas, as the largest (in size) Atlantic hurricane on record, causing considerable storm surge in coastal TX and significant wind and flooding damage in TX, LA, AR, TN, IL, IN, KY, MO, OH, MI and PA. Severe gasoline shortages occurred in the southeast U.S. due to damaged oil platforms, storage tanks, pipelines and off-line refineries."
31,Southwest/Great Plains Drought (2009),Drought,2009-01-01,2009-12-31,5203.2,3492.0,0.0,364,31,"Drought conditions occurred during much of the year across parts of the Southwest, Great Plains, and southern Texas causing agricultural losses in numerous states (TX, OK, KS, CA, NM, AZ). The largest agriculture losses occurred in TX and CA."
32,Southeast/Ohio Valley Severe Weather (February 2009),Severe Storm,2009-02-10,2009-02-11,2592.9,1740.2,10.0,1,32,"Complex of severe thunderstorms and high winds across the region (TN, KY, OK, OH, VA, WV, PA)."
33,Midwest/Southeast Tornadoes (March 2009),Severe Storm,2009-03-25,2009-03-28,2427.9,1640.5,0.0,3,33,"Outbreak of tornadoes over central and southern states (NE, KS, OK, IA, TX, LA, MS, AL, GA, TN, KY) with 56 tornadoes confirmed."
34,South/Southeast Severe Weather and Tornadoes (April 2009),Severe Storm,2009-04-09,2009-04-10,2116.4,1430.1,6.0,1,34,"Outbreak of tornadoes, hail and severe thunderstorms over the south and southeastern states (AL, AR, GA, KY, MO, SC, TN) with 85 confirmed tornadoes."
35,Central Derecho and Tornadoes (May 2009),Severe Storm,2009-05-07,2009-05-09,1274.2,861.0,7.0,2,35,"More than 50 tornadoes and large hail from severe storms caused damage across many southeastern states (IL, KS, KY, MO, TN, TX)."
36,Western Wildfires (Summer-Fall 2009),Wildfire,2009-06-01,2009-11-30,1477.4,1011.9,10.0,182,36,"Residual and sustained drought conditions across western and south-central states resulted in thousands of wildfires. Most affected states include CA, AZ, NM, TX, OK, and UT. National wildfire acreage burned exceeds 5.9 million acres. Over 200 homes and structures destroyed in the California ""Station"" fire alone."
37,Midwest South and East Severe Weather (June 2009),Severe Storm,2009-06-09,2009-06-12,1939.0,1328.1,0.0,3,37,"Sustained outbreak of thunderstorms and high winds from a strong derecho event over the central, southern, and eastern states (TX, OK, MO, NE, KS, AR, AL, MS, TN, NC, SC, KY, PA)."
38,Colorado Hail Storm (July 2009),Severe Storm,2009-07-20,2009-07-20,1470.0,1000.0,0.0,0,38,"Severe hail impacts Colorado. Jefferson County was most affected with hail at least 8 inches deep. The hail damage from this storm was comparable to the July 11, 1990 Colorado hail storm."
39,Georgia Flooding (September 2009),Flooding,2009-09-19,2009-09-22,1311.8,898.5,10.0,3,39,"Severe multi-day flooding across numerous Georgia counties including all of the Atlanta metro. The maximum 24-hour rainfall total for September 20-21, 2009 was 21.03 inches in Douglas County. This extreme rainfall caused widespread flooding and damage to thousands of homes, businesses and vehicles. There was significant infrastructure damage across the region from this major flooding event including 20 river gages that went underwater and stopped reporting."
40,Northeast Winter Storm (February 2010),Winter Storm,2010-02-09,2010-02-11,1192.8,817.0,3.0,2,40,"Winter storm produced 10-20 inches of snow and high wind impacts across numerous northeastern and eastern states including Pennsylvania, Maryland, Delaware, New Jersey, West Virginia, Virginia and North Carolina. These impacts were most focused in Pennsylvania and Maryland, as this winter storm closely followed a previous winter storm from the week prior."
41,Northeast Flooding (March 2010),Flooding,2010-03-01,2010-03-31,2692.6,1844.2,11.0,30,41,"Heavy rainfall over portions of the Northeast in late March caused extensive flooding across several states (RI, CT, MA, NJ, NY, PA). The event caused the worst flooding in Rhode Island's history."
42,East/South Flooding and Severe Weather (May 2010),Flooding,2010-04-30,2010-05-02,3308.8,2266.3,32.0,2,42,"Flooding, hail, tornadoes, and severe thunderstorms occurred across many Southern states (TN, AR, KY, GA) on April 30-May 2. Flooding in the Nashville, TN area alone contributed > $1.0 ($1.5) billion in damages. Western and Middle Tennessee were hardest hit with local rainfall amounts of 18-20 inches to the south and west of Greater Nashville."
43,Oklahoma Kansas and Texas Tornadoes and Severe Weather (May 2010),Severe Storm,2010-05-10,2010-05-12,4834.0,3333.8,3.0,2,43,"An outbreak of tornadoes, hail, and severe thunderstorms occurred across Oklahoma, Kansas, and Texas in mid-May. Oklahoma was hardest hit with > $1.5 ($2.2) billion in damages."
44,Rockies/Central/East Severe Weather (June 2010),Severe Storm,2010-06-10,2010-06-15,1306.7,901.0,2.0,5,44,"Severe storms cause high wind and hail damage across numerous states including CO, NM, KS, OK, IL, IN, GA, SC and NC."
45,Midwest/Northeast Severe Storms and Flooding (July 2010),Severe Storm,2010-07-20,2010-07-23,1375.1,948.3,0.0,3,45,"Severe storms and flooding affect the states IA, IL, MD, NY, PA, WI across the Midwest and Northeast."
46,Arizona Severe Weather (October 2010),Severe Storm,2010-10-05,2010-10-06,5472.0,3800.0,0.0,1,46,"An unusual series of severe thunderstorms across Arizona produced numerous tornadoes and widespread, severe hail damage. Over one-hundred buildings were damaged or destroyed by tornadoes while thousands of automobiles and buildings were damaged by large hail across Phoenix and surrounding cities."
47,Groundhog Day Blizzard (February 2011),Winter Storm,2011-02-01,2011-02-03,2565.7,1794.2,36.0,2,47,"A large winter storm impacted many central, eastern and northeastern states. The city of Chicago was brought to a virtual standstill as between 1 and 2 feet of snow fell over the area."
48,Southern Plains/Southwest Drought and Heat Wave (Spring-Summer 2011),Drought,2011-03-01,2011-08-31,17109.5,11964.8,95.0,183,48,"Drought and heat wave conditions created major impacts across Texas, Oklahoma, New Mexico, Arizona, southern Kansas, and western Louisiana. In Texas and Oklahoma, a majority of range and pastures were classified in ""very poor"" condition for much of the 2011 crop growing season."
49,Mississippi River flooding (April-May 2011),Flooding,2011-04-01,2011-05-31,4270.1,2986.0,7.0,60,49,"Persistent rainfall (nearly 300 percent normal precipitation amounts in the Ohio Valley) combined with melting snowpack caused historical flooding along the Mississippi River and its tributaries. Examples of economic damage include: $500 ($715.0) million to agriculture in Arkansas; $320 ($457.6) million in damage to Memphis, Tennessee; $800 million ($1.1 billion)  to agriculture in Mississippi; $317 ($453.3) million to agriculture and property in Missouri's Birds Point-New Madrid Spillway; $80 ($114.4) million for the first 30 days of flood fighting efforts in Louisiana."
50,Midwest/Southeast Tornadoes and Derecho (April 2011),Severe Storm,2011-04-04,2011-04-05,3885.3,2775.2,9.0,1,50,"Outbreak of tornadoes and derecho over central and southern states (KS, MO, IA, IL, WI, KY, GA, TN, NC, SC) with an estimated 46 tornadoes."
51,Southeast/Midwest Tornadoes (April 2011),Severe Storm,2011-04-08,2011-04-11,3051.0,2179.3,0.0,3,51,"Outbreak of tornadoes over central and southern states (NC, SC, TN, AL, TX, OK, KS, IA, WI) with an estimated 59 tornadoes."
52,Midwest/Southeast Tornadoes (April 2011),Severe Storm,2011-04-14,2011-04-16,2882.9,2059.2,38.0,2,52,"Outbreak of tornadoes over central and southern states (OK, TX, AR, MS, AL, GA, NC, SC, VA, PA) with an estimated 177 tornadoes."
53,Ohio Valley Derecho and Southern Tornadoes (April 2011),Severe Storm,2011-04-19,2011-04-20,1452.8,1037.5,0.0,1,53,"Dozens of tornadoes and a derecho affect numerous states (AR, IL, IN, KY, MO, OH, TN, TX) across the Ohio Valley and South."
54,Southeast/Ohio Valley/Midwest Tornadoes (April 2011),Severe Storm,2011-04-25,2011-04-28,14310.7,10222.0,321.0,3,54,"Outbreak of tornadoes over central and southern states (AL, AR, LA, MS, GA, TN, VA, KY, IL, MO, OH, TX, OK) with an estimated 343 tornadoes. The deadliest tornado of the outbreak, an EF-5, hit northern Alabama, killing 78 people. Several major metropolitan areas were directly impacted by strong tornadoes including Tuscaloosa, Birmingham, and Huntsville in Alabama and Chattanooga, Tennessee, causing the estimated damage costs to soar.More Info…"
55,Missouri River flooding (May-June 2011),Flooding,2011-05-01,2011-06-30,2863.3,2002.3,5.0,60,55,"Melting of an above-average snow pack across the Northern Rocky Mountains combined with above-average precipitation caused the Missouri and Souris Rivers to swell beyond their banks across the Upper Midwest (MT, ND, SD, NE, IA, KS, MO). An estimated 11,000 people were forced to evacuate Minot, North Dakota due to the record high water level of the Souris River, where 4,000 homes were flooded. Numerous levees were breached along the Missouri River, flooding thousands of acres of farmland."
56,Midwest/Southeast Tornadoes (May 2011),Severe Storm,2011-05-22,2011-05-27,12735.6,9096.8,177.0,5,56,"Outbreak of tornadoes over central and southern states (MO, TX, OK, KS, AR, GA, TN, VA, KY, IN, IL, OH, WI, MN, PA) with an estimated 180 tornadoes. Notably, an EF-5 tornado struck Joplin, MO resulting in at least 160 deaths, making it the deadliest single tornado to strike the U.S. since modern tornado record keeping began in 1950."
57,Texas New Mexico Arizona Wildfires (Summer-Fall 2011),Wildfire,2011-06-01,2011-11-30,2549.1,1820.8,5.0,182,57,"Continued drought conditions and periods of extreme heat provided conditions favorable for a series of historic wildfires across Texas, New Mexico and Arizona. The Bastrop Fire in Texas was the most destructive fire in Texas history destroying over 1,500 homes. The Wallow Fire consumed over 500,000 acres in Arizona making it the largest on record in Arizona. The Las Conchas Fire in New Mexico was also the state's largest wildfire on record scorching over 150,000 acres while threatening the Los Alamos National Laboratory. Over 3 million acres have burned across Texas this wildfire season."
58,Midwest/Southeast Tornadoes and Severe Weather (June 2011),Severe Storm,2011-06-18,2011-06-22,2152.3,1537.3,3.0,4,58,"Outbreak of tornadoes over central states (OK, TX, KS, NE, MO, IA, IL) with an estimated 81 tornadoes. Additional wind and hail damage across the Southeast (TN, GA, NC, SC)."
59,North Central Severe Weather (July 1 2011),Severe Storm,2011-07-01,2011-07-01,1243.2,888.0,0.0,0,59,"Severe weather causes damage across several north central states. The regions most impacted were southern Minnesota, western Wisconsin and northern Illinois."
60,Rockies and Midwest Derecho (July 10-11 2011),Severe Storm,2011-07-10,2011-07-11,1729.1,1235.0,2.0,1,60,"A derecho produced a wide swatch of high wind damage beginning east of the Rockies and across the central plains (CO, IA, IL, MI, MN, OH)."
61,Midwest/Southeast Severe Weather (August 17-18 2011),Severe Storm,2011-08-17,2011-08-18,1600.4,1151.4,0.0,1,61,"Severe weather impacts the states IA, KS, MO, NE, SD across the Midwest and Southeast."
62,Hurricane Irene (August 2011),Tropical Cyclone,2011-08-26,2011-08-28,18756.7,13494.0,45.0,2,62,"Category 1 hurricane made landfall over coastal NC and moved northward along the Mid-Atlantic Coast (NC, VA, MD, NJ, NY, CT, RI, MA, VT) causing torrential rainfall and flooding across the Northeast. Wind damage in coastal NC, VA, and MD was moderate with considerable damage resulting from falling trees and power lines, while flooding caused extensive flood damage across NJ, NY, and VT. Over seven million homes and businesses lost power during the storm. Numerous tornadoes were also reported in several states further adding to the damage."
63,Tropical Storm Lee (September 2011),Tropical Cyclone,2011-09-01,2011-09-05,3492.4,2512.5,21.0,4,63,"Wind and flood damage across the southeast (LA, MS, AL, GA, TN) but considerably more damage from record flooding across the northeast (PA, NY, NJ, CT, VA, MD). Pennsylvania and New York were most affected."
64,Northeastern Winter Storm (October 2011),Winter Storm,2011-10-29,2011-10-30,1285.8,925.0,1.0,1,64,"Winter storm impacts northeastern states including Connecticut, Massachusetts, New Hamsphire, New York, New Jersey and Pennsylvania."
65,U.S. Drought/Heat Wave (2012),Drought,2012-01-01,2012-12-31,41705.2,30003.6,123.0,365,65,"The 2012 drought is the most extensive drought to affect the U.S. since the 1930s. Moderate to extreme drought conditions affected more than half the country for a majority of 2012. The following states were affected: CA, NV, ID, MT, WY, UT, CO, AZ, NM, TX, ND, SD, NE, KS, OK, AR, MO, IA, MN, IL, IN, GA. Costly drought impacts occurred across the central agriculture states resulting in widespread harvest failure for corn, sorghum and soybean crops, among others. The associated summer heat wave also caused 123 direct deaths, but an estimate of the excess mortality due to heat stress is still unknown."
66,Southeast/Ohio Valley Tornadoes (March 2012),Severe Storm,2012-03-02,2012-03-03,4317.9,3128.8,42.0,1,66,"Outbreak of tornadoes and severe weather over the southeast and Ohio Valley (AL, GA, IN, OH, KY, TN) with 75 confirmed tornadoes."
67,Texas Tornadoes (April 2012),Severe Storm,2012-04-02,2012-04-03,1390.9,1015.3,0.0,1,67,Outbreak of tornadoes across the greater Dallas-Ft. Worth metropolitan area. Several moderate strength tornadoes (EF-2 and EF-3) affected towns in this area with a total of 22 confirmed tornadoes.
68,Midwest Tornadoes (April 2012),Severe Storm,2012-04-13,2012-04-14,1539.4,1123.6,6.0,1,68,"Outbreak of tornadoes and severe weather over the midwest (OK, KS, NE, IA) with 98 confirmed tornadoes including many tornadoes that remained on the ground for an extended time - traveling tens of miles."
69,Midwest/Ohio Valley Severe Weather (April-May 2012),Severe Storm,2012-04-28,2012-05-01,4488.6,3276.3,1.0,3,69,"Severe weather over the midwest and Ohio Valley (TX, OK, KS, MO, IL, IN, KY) with 38 confirmed tornadoes. Considerable damage resulting from hail."
70,Southern Plains/Midwest/Northeast Severe Weather (May 2012),Severe Storm,2012-05-25,2012-05-30,3156.1,2303.7,1.0,5,70,"Severe storms over the southern plains, midwest and northeast (TX, OK, KS, MN, PA, NY) with 27 confirmed tornadoes. Significant damage also from severe hail and straight-line winds."
71,Western Wildfires (Summer-Fall 2012),Wildfire,2012-06-01,2012-11-30,2381.7,1738.5,8.0,182,71,"Wildfires burned over 9.2 million acres across the U.S. in 2012. This is the 3rd highest annual total since the year 2000. The most damaging wildfires occurred in the western states (CO, ID, WY, MT, CA, NV, OR, WA). Colorado experienced the most costly wildfires (e.g., Waldo Canyon fire) where several hundred residences were destroyed."
72,Rockies/Southwest Severe Weather (June 2012),Severe Storm,2012-06-06,2012-06-12,3559.0,2597.8,0.0,6,72,"Severe storms and damaging hail over several states (CO, NM, TX) with 25 confirmed tornadoes. Colorado experienced over $1.0 ($1.4) billion in damage due to hail."
73,Plains/East/Northeast Derecho (June-July 2012),Severe Storm,2012-06-29,2012-07-02,3957.0,2888.4,28.0,3,73,"Sustained outbreak of thunderstorms/high winds from a strong derecho event over the central, eastern, and northeastern states (IL, IN, KY, OH, WV, SC, NC, VA, MD, DC, NJ)."
74,Hurricane Isaac (August 2012),Tropical Cyclone,2012-08-26,2012-08-31,3786.1,2763.5,9.0,5,74,"Category 1 hurricane made landfall over Louisiana. Isaac's slow motion and large size led to a large storm surge and flooding rains. This created damage across several southeastern states (LA, MS, AL, FL) including 9 deaths (5 direct, 4 indirect)."
75,Hurricane Sandy (October 2012),Tropical Cyclone,2012-10-30,2012-10-31,88453.9,65039.6,159.0,1,75,"Extensive damage across several northeastern states (MD, DE, NJ, NY, CT, MA, RI) due to high wind and coastal storm surge, particularly NY and NJ. Damage from wind, rain and heavy snow also extended more broadly to other states (NC, VA, WV, OH, PA, NH), as Sandy merged with a developing Nor'easter. Sandy's impact on major population centers caused widespread interruption to critical water/electrical services and also caused 159 deaths (72 direct, 87 indirect). Sandy also caused the New York Stock Exchange to close for two consecutive business days, which last happened in 1888 due to a major winter storm."
76,Southern Severe Weather (February 2013),Severe Storm,2013-02-24,2013-02-25,1253.9,922.0,1.0,1,76,"Severe weather produced severe hail and wind damage across several southern states including Louisiana, Oklahoma and Texas. The damage was most focused in Louisiana near New Orleans, as severe hail caused significant damage costs to many homes, vehicles and businesses."
77,Western/Plains Drought/Heat Wave (Spring-Fall 2013),Drought,2013-03-01,2013-11-30,14283.6,10425.9,53.0,274,77,"The 2013 drought slowly dissipated from the historic levels of the 2012 drought, as conditions improved across many Midwestern and Plains states. However, moderate to extreme drought did remain or expand into western states (AZ, CA, CO, IA, ID, IL, KS, MI, MN, MO, ND, NE, NM, NV, OK, OR, SD, TX, UT, WA, WI, WY). In comparison to 2011 and 2012 drought conditions the US experienced only moderate crop losses    across the central agriculture states."
78,Southeast Severe Weather (March 2013),Severe Storm,2013-03-18,2013-03-18,2747.2,2020.0,1.0,0,78,"Severe weather over the Southeast (MS, AL, GA, TN) with 10 confirmed tornadoes. Considerable damage resulting from large hail and straight-line wind."
79,Midwest/Plains Severe Weather (April 2013),Severe Storm,2013-04-07,2013-04-11,1963.8,1444.0,1.0,4,79,"Severe weather across the Midwest and Plains states (IN, KS, MO, NE) with a total of 26 confirmed tornadoes. Considerable damage resulting from hail and straight-line wind."
80,Illinois Flooding and Severe Weather (April 2013),Flooding,2013-04-16,2013-04-19,1464.7,1077.0,4.0,3,80,A slow-moving storm system created rainfall totals of 5 to 10 inches across northern and central Illinois including the Chicago metro. This resulted in damage to many homes and businesses. There was also severe weather damage from wind and hail across Indiana and Missouri.
81,Midwest/Plains/East Tornadoes (May 2013),Severe Storm,2013-05-18,2013-05-22,3240.5,2400.3,27.0,4,81,"Outbreak of tornadoes and severe weather over the Midwest, Plains and Eastern states (GA, IA, IL, KS, MO, NY, OK, TX) with 59 confirmed tornadoes including the deadly tornado that impacted Moore, OK. Many destructive tornadoes remained on the ground for an extended time."
82,Midwest/Plains/Northeast Tornadoes (May 2013),Severe Storm,2013-05-27,2013-05-31,2448.4,1813.5,10.0,4,82,"Outbreak of tornadoes and severe weather over the Midwest, Plains and Northeast (IL, IN, KS, MO, NY, OK, TX) with 92 confirmed tornadoes including the deadly tornado that struck El Reno, OK. There was also significant damage resulting from hail and straight-line wind."
83,Midwest Severe Weather (August 2013),Severe Storm,2013-08-06,2013-08-07,1406.7,1041.9,0.0,1,83,Severe weather and large hail causes considerable damage across Minnesota and Wisconsin.
84,Colorado Flooding (September 2013),Flooding,2013-09-10,2013-09-16,2036.5,1508.5,9.0,6,84,"A stalled frontal boundary over Colorado led to record rainfall, as some areas received > 15 inches over several days. This resulted in historic flooding across numerous cities and towns. Destruction of residences, businesses and transportation infrastructure was widespread."
85,Ohio Valley Tornadoes (November 2013),Severe Storm,2013-11-17,2013-11-17,1472.2,1090.6,8.0,0,85,"Late-season outbreak of tornadoes and severe weather over the Ohio Valley (IL, IN, KY, MI, MO, OH) with 70 confirmed tornadoes. Most severe impacts occurred across Illinois and Indiana."
86,Western Drought (2014),Drought,2014-01-01,2014-12-31,5334.8,3951.7,0.0,364,86,"Historic drought conditions affected the majority of California for all of 2014 making it the worst drought on record for the state. Surrounding states and parts of Texas, Oklahoma and Kansas also experienced continued severe drought conditions. This is a continuation of drought conditions that have persisted for several years."
87,Midwest/Southeast/Northeast Winter Storm (January 2014),Winter Storm,2014-01-05,2014-01-08,2933.4,2172.7,16.0,3,87,"Winter storm caused widespread damage across numerous Midwest, Southeast and Northeastern states (AL, GA, IL, IN, KY, MD, MI, MO, MS, NC, NJ, NY, OH, PA, SC, TN, VA)."
88,Plains Severe Weather (April 2014),Severe Storm,2014-04-02,2014-04-03,1908.1,1424.0,0.0,1,88,"Severe storms across the Plains states (IL, KS, MO, TX) causing considerable hail and wind damage in Texas."
89,Central Severe Weather (April 2014),Severe Storm,2014-04-12,2014-04-13,1221.1,918.0,0.0,1,89,"Severe weather produced hail and high wind damage across several central states including Illinois, Iowa, Michigan, Wisconsin and Texas. The damage was most focused in Illinois and Michigan, as storms caused impacts to many homes, vehicles and businesses."
90,Midwest/Southeast/Northeast Tornadoes and Flooding (April 2014),Severe Storm,2014-04-27,2014-05-01,2309.2,1736.1,33.0,4,90,"Tornado outbreak across the Midwest, Southeast and Northeast states (AL, AR, DE, FL, GA, KS, MD, MO, MS, NC, NJ, NY, PA, TN, VA) with 83 confirmed tornadoes. Mississippi had its 3rd greatest number of tornadoes reported for any day since 1950. Torrential rainfall in the Florida panhandle also caused major flooding, as Pensacola set new 1-day and 2-day precipitation records of 15.55 and 20.47 inches, respectively. Flooding rains were also reported in coastal Alabama, as Mobile received 11.24 inches of rain, the third greatest calendar day rainfall total for the city."
91,Center Severe Weather (May 2014),Severe Storm,2014-05-10,2014-05-14,1134.5,853.0,0.0,4,91,"Severe weather including damaging hail, high winds and more than 50 tornadoes impacted Kansas, Nebraska, Missouri, Illinois, Indiana, Ohio and West Virginia. These impacts caused damage to homes, businesses, vehicles and other infrastructure."
92,Rockies/Midwest/Eastern Severe Weather (May 2014),Severe Storm,2014-05-18,2014-05-23,4938.6,3713.2,0.0,5,92,"Severe storms across the Rockies, Midwest and Eastern states (CO, MT, IA, IL, IN, OH, SC, VA, PA, DE, NY) with the most costly damage in Colorado, Illinois and Pennsylvania."
93,Rockies/Central Plains Severe Weather (June 2014),Severe Storm,2014-06-03,2014-06-05,2533.4,1919.2,2.0,2,93,"Severe storms across the Rockies and Central Plains states (NE, KS, WY, IA, AR). Wind gusts exceeding 90 mph and baseball to softball sized hail caused severe damage to structures and vehicles in central and eastern Nebraska."
94,Michigan and Northeast Flooding (August 2014),Flooding,2014-08-11,2014-08-13,1361.9,1031.7,2.0,2,94,"Heavy rainfall in excess of 5 inches caused significant flooding in cities across Michigan damaging thousands of cars, business, homes and other infrastructure. Flooding also occurred across Maryland and New York's Long Island, as the slow-moving storm system delivered 24-hour rainfall exceeding 6 and 12 inches, respectively, creating more flood damage. Islip, NY received 13.57 inches of rain over a 24-hour period on Aug 12-13 setting a new 24-hour precipitation record for New York."
95,Rockies/Plains Severe Weather (September 2014),Severe Storm,2014-09-29,2014-10-02,1862.6,1400.4,0.0,3,95,"Severe storms across the Rockies and Plains states (CO, KS, TX). Large hail and high winds created significant damage across eastern Colorado and Texas, particularly in the Dallas metro area."
96,Western Drought (2015),Drought,2015-01-01,2015-12-31,6029.3,4466.0,0.0,364,96,"Drought conditions were present across numerous western states (CA, NV, OR, WA, ID, MT, UT, AZ) with the most severe conditions continuing to plague California for all of 2015. The agriculture sector was again impacted by a lack of rainfall resulting in hundreds of thousands of acres of farmland remaining fallow and requiring excess groundwater pumping to irrigate existing agriculture interests. Wildfire conditions were further enhanced by the ongoing drought. California experienced extensive damage from both drought and wildfire impacts. Drought conditions did improve dramatically across Texas and Oklahoma, in the form of several major flood events."
97,Central and Eastern Winter storm Cold Wave (February 2015),Winter Storm,2015-02-14,2015-02-20,3969.3,2962.1,30.0,6,97,"A large winter storm and associated cold wave impacted many central, eastern and northeastern states (CT, DE, GA, IL, KY, MA, MD, ME, MI, NC, NH, NJ, NY, OH, PA, RI, SC, TN, VA). The city of Boston was particularly impacted as feet of snow continued to accumulate causing load-stress on buildings and clogging transportation corridors. Total, direct losses in Massachusetts alone exceed $1.0 ($1.3) billion for this event, with considerable damage in many other states."
98,Midwest/Ohio Valley Severe Weather (April 2015),Severe Storm,2015-04-07,2015-04-09,2069.0,1555.6,2.0,2,98,"Severe storms across the Midwest and Ohio Valley including the states (AR, IA, IL, IN, KS, KY, MI, MO, NC, OH, OK, PA, TN, TX, WI, WV). Large hail and high winds created the most damage across Missouri and Illinois."
99,South/Southeast Severe Weather (April 2015),Severe Storm,2015-04-18,2015-04-20,1707.6,1283.9,0.0,2,99,"Severe storms across the South and Southeastern states (AL, AR, FL, GA, KS, LA, MS, NC, OK, SC, TN, TX). High winds and severe hail created the most significant damage in Texas."
100,South and Southeast Severe Weather (April 2015),Severe Storm,2015-04-24,2015-04-25,1255.8,944.0,3.0,1,100,"Severe weather produced tornadoes, large hail and high wind damage across numerous southern and southeastern states including Alabama, Florida, Georgia, Kentucky, Louisiana, Mississippi and Texas. These storms caused widespread impacts to many homes, vehicles and businesses."
101,Southern Plains Tornadoes (May 2015),Severe Storm,2015-05-06,2015-05-10,1691.9,1272.1,4.0,4,101,"Tornado outbreak across the Southern Plain states (IA, KS, NE, OK, CO, SD, TX) with 122 tornadoes. The most costly damage occurred across Texas and Oklahoma."
102,Texas and Oklahoma Flooding and Severe Weather (May 2015),Flooding,2015-05-23,2015-05-26,3375.6,2500.4,31.0,3,102,"A slow-moving system caused tremendous rainfall and subsequent flooding to occur in Texas and Oklahoma. The Blanco river in Texas swelled from 5 feet to a crest of more than 40 feet over several hours causing considerable property damage and loss of life. The city of Houston also experienced flooding which resulted in hundreds of high-water rescues. The damage in Texas alone exceeded $1.0 ($1.4) billion. There was also damage in other states (KS, CO, AR, OH, LA, GA, SC) from associated severe storms."
103,Western and Alaskan Wildfires (Summer-Fall 2015),Wildfire,2015-06-01,2015-11-30,3996.9,3028.0,12.0,182,103,"Wildfires burned over 10.1 million acres across the U.S. in 2015, surpassing 2006 for the highest annual total of U.S. acreage burned since record-keeping began in 1960. The most costly wildfires occurred in California where over 2,500 structures were destroyed due to the Valley and Butte wildfires with the insured losses alone exceeding $1.0 ($1.3) billion. The most extensive wildfires occurred in Alaska where over 5 million acres burned within the state. There was extensive burnt acreage across other western states, most notably (OR, WA, ID, MT, ND, CO, WY, TX)."
104,Central and Northeast Severe Weather (June 2015),Severe Storm,2015-06-21,2015-06-25,1547.1,1172.0,1.0,4,104,"Severe storms across numerous Central and Northeast states (CO, CT, IA, IL, MD, MI, NJ, NY, PA, SD, VA, WI) with widespread hail and high wind damage."
105,South Carolina and East Coast Flooding (October 2015),Flooding,2015-10-01,2015-10-05,2657.6,1998.2,25.0,4,105,"Historic levels of flooding impacted South Carolina causing widespread damage to many homes, businesses, public buildings and infrastructure. This interrupted commerce and closed major transportation corridors (such as I-95) for weeks as rivers slowly receded. Locally extreme rainfall totals exceeding 20-inches were common resulting from the convergence of a powerful low pressure system/frontal boundary and copious moisture from Hurricane Joaquin in the Atlantic."
106,Texas Tornadoes and Midwest Flooding (December 2015),Severe Storm,2015-12-26,2015-12-29,2609.3,1961.9,50.0,3,106,"A powerful storm system packing unseasonably strong tornadoes caused widespread destruction in the Dallas metropolitan region, damaging well over 1,000 homes and businesses. This same potent system also produced intense rainfall over several Midwestern states triggering historic flooding that has approached or broken records at river gauges in several states (MO, IL, AR, TN, MS, LA). The flooding has overtopped levees and caused damage in numerous areas. This historic storm also produced high wind, snow and ice impacts from New Mexico through the Midwest and into New England. Overall, the storm caused at least 50 deaths from the combined impact of tornadoes, flooding and winter weather."
107,West/Northeast/Southeast Drought (2016),Drought,2016-01-01,2016-12-31,4580.0,3443.5,0.0,365,107,"California's 5-year drought persisted during 2016 while new areas of extreme drought developed in states across the Northeast and Southeast. The long-term impacts of the drought in California have damaged forests where 100+ million trees have perished and are a public safety hazard. The agricultural impacts were reduced in California as water prices and crop fallowing declined. However, agricultural impacts developed in Northeast and Southeast due to stressed water supplies."
108,Southeast and Eastern Tornadoes (February 2016),Severe Storm,2016-02-22,2016-02-24,1383.5,1040.0,10.0,2,108,"Early outbreak of tornadoes and severe weather across many southern and eastern states including (AL, CT, FL, GA, LA, MA, MD, MS, NC, NJ, NY, PA, SC, TX, VA). There were at least 50 confirmed tornadoes causing widespread damage."
109,Texas and Louisiana Flooding (March 2016),Flooding,2016-03-08,2016-03-12,3052.1,2294.8,5.0,4,109,"Multiple days of heavy rainfall averaging 15 to 20 inches led to widespread flooding along the Sabine River basin on the Texas and Louisiana border. This prompted numerous evacuations, high-water rescues and destruction, as more than 1,000 homes and businesses were damaged or destroyed."
110,Southern Severe Weather (March 2016),Severe Storm,2016-03-17,2016-03-18,1597.6,1210.3,1.0,1,110,"Severe hail impacts the Fort Worth and Arlington metro region in Texas. Additional large hail and high wind damage occurred in other locations of Texas, Louisiana and Mississippi."
111,North Texas Hail Storm (March 2016),Severe Storm,2016-03-23,2016-03-24,2725.5,2064.8,0.0,1,111,"Large hail and strong winds caused considerable damage in heavily populated areas of north Texas. This damage was most notable in the cities of Dallas, Fort Worth and Plano."
112,North/Central Texas Hail Storm (April 2016),Severe Storm,2016-04-10,2016-04-12,4618.1,3498.6,0.0,2,112,"Widespread severe hail damage across north and central Texas including the cities of Plano, Wylie, Frisco, Allen and San Antonio. The damage in San Antonio was particularly severe as the National Weather Service verified reports of hail size reaching 4.5 inches in diameter. This ranks as one of the most costly hail events to affect the United States."
113,Houston Flooding (April 2016),Flooding,2016-04-17,2016-04-18,3559.1,2676.0,8.0,1,113,"A period of extreme rainfall up to 17 inches created widespread urban flooding in Houston and surrounding suburbs. Thousands of homes and businesses were damaged and more than 1,800 high water rescues were conducted. This represents the most widespread flooding event to affect Houston since Tropical Storm Allison in 2001."
114,South/Southeast Tornadoes (April 2016),Severe Storm,2016-04-26,2016-05-02,3160.8,2394.5,6.0,6,114,Large outbreak of tornadoes affects numerous states across the South and Southeast. Additional damage also from large hail and straight-line wind during the multi-day thunderstorm event.
115,Plains Tornadoes and Central Severe Weather (May 2016),Severe Storm,2016-05-08,2016-05-11,2252.9,1719.6,2.0,3,115,"Tornadoes and severe storms cause widespread damage across the Plains and Central states (NE, MO, TX, OK, KS, CO, IL, KY, TN) over a multi-day period. The damage from tornadoes and high wind was most costly in Nebraska and Missouri."
116,Rockies/Central Tornadoes and Severe Weather (May 2016),Severe Storm,2016-05-21,2016-05-26,1501.5,1146.3,0.0,5,116,"Sustained period of severe thunderstorms and tornadoes affecting several states including Montana, Colorado, Kansas, Missouri and Texas. The most concentrated days for tornado development were on May 22 and 24. Additional damage was created by straight-line high wind and hail damage."
117,Western/Southeast Wildfires (Summer-Fall 2016),Wildfire,2016-06-01,2016-12-31,3137.5,2395.0,21.0,213,117,"Western and Southern states experienced an active wildfire season with over 5.0 million acres burned nationally. Most notable was the firestorm that impacted Gatlinburg, Tennessee with hurricane-force wind gusts in extremely dry conditions creating volatile wildfire behavior. These wildfires destroyed nearly 2,500 structures and caused 14 fatalities. The drought conditions in many areas of the Southeast and California worsened the wildfire potential."
118,West Virginia Flooding and Ohio Valley Tornadoes (June 2016),Flooding,2016-06-22,2016-06-24,1288.5,968.8,23.0,2,118,"Torrential rainfall caused destructive flooding through many West Virginia towns, damaging thousands of homes and businesses and causing considerable loss of life. Over 1,500 roads and bridges were damaged or destroyed making the impact on infrastructure comparable to the historic 2013 Colorado flood. The storm system also produced numerous tornadoes causing damage across several Ohio Valley states."
119,Rockies and Northeast Severe Weather (July 2016),Severe Storm,2016-07-28,2016-07-30,1920.0,1465.6,0.0,2,119,"Severe storms across the Rockies and Northeastern states (CO, WY, VA, MD, PA, NJ, NY) caused large hail and high wind damage. Storm damage in Colorado was the most costly due to hail."
120,Louisiana Flooding (August 2016),Flooding,2016-08-12,2016-08-15,13300.0,10000.0,13.0,3,120,"A historic flood devastated a large area of southern Louisiana resulting from 20 to 30 inches of rainfall over several days. Watson, Louisiana received an astounding 31.39 inches of rain from the storm. Two-day rainfall totals in the hardest hit areas have a 0.2% chance of occurring in any given year: a 1 in 500 year event. More than 30,000 people were rescued from the floodwaters that damaged or destroyed over 50,000 homes, 100,000 vehicles and 20,000 businesses. This is the most damaging U.S. flood event since Superstorm Sandy impacted the Northeast in 2012."
121,Hurricane Matthew (October 2016),Tropical Cyclone,2016-10-08,2016-10-12,13100.0,10000.0,49.0,4,121,"Category 1 hurricane made landfall in North Carolina, after it paralleled the Southeast coast along Florida, Georgia and the Carolinas causing widespread damage from wind, storm surge and inland flooding. The most costly impacts were due to historic levels of river flooding in eastern North Carolina where 100,000 homes, businesses and other structures were damaged. This inland flooding was comparable to Hurricane Floyd (1999) that also impacted eastern North Carolina. Matthew narrowly missed landall on Florida's east coast as a powerful category 4 storm."
122,Southern Tornado Outbreak and Western Storms (January 2017),Severe Storm,2017-01-20,2017-01-22,1436.5,1105.0,24.0,2,122,"High wind damage occurred across southern California near San Diego followed by 79 confirmed tornadoes during an outbreak across many southern states including AL, FL, GA, LA, MS, SC and TX. This was the 3rd most tornadoes to occur in a single outbreak of extreme weather during a winter month (Dec.-Feb.) based on records from 1950."
123,California Flooding (February 2017),Flooding,2017-02-08,2017-02-22,1950.0,1500.0,5.0,14,123,"Heavy, persistent rainfall across northern and central California created substantial property and infrastructure damage from flooding, landslides and erosion. Notable impacts include severe damage to the Oroville Dam spillway, which caused a multi-day evacuation of 188,000 residents downstream. Excessive rainfall also caused flood damage in the city of San Jose, as Coyote Creek overflowed its banks and inundated neighborhoods forcing 14,000 residents to evacuate."
124,Central/Southeast Tornado Outbreak (March 2017),Severe Storm,2017-02-28,2017-03-01,2347.8,1806.0,6.0,1,124,Over 70 tornadoes developed during a widespread outbreak across many central and southern states causing significant damage. There was also widespread straight-line wind and hail damage. This was the second largest tornado outbreak to occur early in 2017.
125,North Dakota South Dakota and Montana Drought (Spring-Fall 2017),Drought,2017-03-01,2017-12-31,3250.0,2500.0,0.0,305,125,"Extreme drought causes extensive impacts to agriculture in North Dakota, South Dakota and Montana. Field crops including wheat were severely damaged and the lack of feed for cattle forced ranchers to sell off livestock. This drought has also contributed to the increased potential for severe wildfires."
126,Midwest Tornado Outbreak (March 2017),Severe Storm,2017-03-06,2017-03-08,2828.8,2176.0,2.0,2,126,"Tornado outbreak and wind damage across many Midwestern states (AR, IA, IL, KS, MI, MN, MO, NE, NY, OH, WI). Missouri and Illinois were impacted by numerous tornadoes while Michigan and New York were affected by destructive, straight-line winds following the storm system. Nearly one million customers lost power in Michigan alone due to sustained high winds, which affected several states from Illinois to New York."
127,Southeast Freeze (March 2017),Freeze,2017-03-14,2017-03-16,1300.0,1000.0,0.0,2,127,"Severe freeze heavily damaged fruit crops across several southeastern states (SC, GA, NC, TN, AL, MS, FL, KY, VA). Mid-March freezes are not climatologically unusual in the Southeast, however many crops were blooming 3+ weeks early due to unusually warm temperatures during the preceding weeks. Damage was most severe in Georgia and South Carolina. Crops most impacted include peaches, blueberries, strawberries and apples, among others."
128,South/Southeast Severe Weather (March 2017),Severe Storm,2017-03-26,2017-03-28,3476.6,2695.0,0.0,2,128,"Large hail and high winds in Texas north of the Dallas metro region caused widespread damage to structures and vehicles. Severe storms also caused damage across several other states (OK, TN, KY, MS, AL) due to the combination of high winds, hail and tornadoes."
129,Southeast Severe Weather and Tornadoes (April 2017),Severe Storm,2017-04-04,2017-04-06,1259.2,976.0,1.0,2,129,"Severe weather and tornadoes impact numerous southern and eastern states. The states most impacted include Alabama, Georgia and Kentucky."
130,South and Southeast Severe Weather (April 2017),Severe Storm,2017-04-20,2017-04-22,1152.0,893.0,0.0,2,130,"Severe weather including hail, high winds and several tornadoes impacted Oklahoma, Texas, Tennessee, South Carolina, North Carolina and Virginia. These conditions caused damage to homes, businesses, vehicles and other infrastructure."
131,Missouri and Arkansas Flooding and Central Severe Weather (May 2017),Flooding,2017-04-25,2017-05-07,2156.7,1659.0,20.0,12,131,"A period of heavy rainfall up to 15 inches over a multi-state region in the Midwest caused historic levels of flooding along many rivers. The flooding was most severe in Missouri, Arkansas and southern Illinois where levees were breached and towns were flooded. There was widespread damage to homes, businesses, infrastructure and agriculture. Severe storms also caused additional impacts during the flooding event across a number of central and southern states."
132,Colorado Hail Storm and Central Severe Weather (May 2017),Severe Storm,2017-05-08,2017-05-11,4321.5,3350.0,0.0,3,132,"Hail storm and wind damage impacting several states including CO, OK, TX, NM, MO. The most costly impacts were in the Denver metro region where baseball-sized hail caused the most expensive hail storm in Colorado history, with insured losses exceeding $2.2 ($2.8) billion."
133,North Central Severe Weather and Tornadoes (May 2017),Severe Storm,2017-05-15,2017-05-18,1214.1,941.0,1.0,3,133,"Severe weather and tornadoes cause impacts across numerous north central states. The states most impacted were Iowa, Illinois, Minnesota, and Wisconsin."
134,Western Wildfires California Firestorm (Summer-Fall 2017),Wildfire,2017-06-01,2017-12-31,23226.5,18005.0,54.0,213,134,"A historic firestorm damages or destroys over 15,000 homes, businesses and other structures across California in October. The combined destruction of the Tubbs, Atlas, Nuns and Redwood Valley wildfires represent the most costly wildfire event on record, also causing 44 deaths. Extreme wildfire conditions in early December also burned hundreds of homes in Los Angeles. Numerous other wildfires across many western and northwestern states burn over 9.8 million acres exceeding the 10-year annual average of 6.5 million acres. Montana in particular was affected by wildfires that burned in excess of 1 million acres. These wildfire conditions were enhanced by the preceding drought conditions in several states."
135,Minnesota Hail Storm and Upper Midwest Severe Weather (June 2017),Severe Storm,2017-06-09,2017-06-11,3031.5,2350.0,0.0,2,135,"Severe hail and high winds cause considerable damage across Minnesota and Wisconsin. The Minneapolis metro area in particular was damaged from large, destructive hail impacting many buildings and vehicles. This damage is comparable to the May 15, 1998 Minnesota hail storm that was also very costly."
136,Midwest Severe Weather (June 2017),Severe Storm,2017-06-12,2017-06-16,1946.7,1509.0,0.0,4,136,"Severe hail and high wind damage impacting Nebraska, Illinois and Iowa. More than one dozen tornadoes touched down across parts of Iowa, in addition to other storm damage."
137,Midwest Severe Weather (June 2017),Severe Storm,2017-06-27,2017-06-29,1838.3,1425.0,0.0,2,137,"Severe hail and high wind damage impacting Nebraska, Illinois and Iowa. More than one dozen tornadoes touched down across parts of Iowa, in addition to other storm damage."
138,Hurricane Harvey (August 2017),Tropical Cyclone,2017-08-25,2017-08-31,160000.0,125000.0,89.0,6,138,"Category 4 hurricane made landfall near Rockport, Texas causing widespread damage. Harvey's devastation was most pronounced due to the large region of extreme rainfall producing historic flooding across Houston and surrounding areas. More than 30 inches of rainfall fell on 6.9 million people, while 1.25 million experienced over 45 inches and 11,000 had over 50 inches, based on 7-day rainfall totals ending August 31. This historic U.S. rainfall caused massive flooding that displaced over 30,000 people and damaged or destroyed over 200,000 homes and businesses."
139,Hurricane Irma (September 2017),Tropical Cyclone,2017-09-06,2017-09-12,64000.0,50000.0,97.0,6,139,"Category 4 hurricane made landfall at Cudjoe Key, Florida after devastating the U.S. Virgin Islands - St John and St Thomas - as a category 5 storm. The Florida Keys were heavily impacted, as 25% of buildings were destroyed while 65% were significantly damaged. Severe wind and storm surge damage also occurred along the coasts of Florida and South Carolina. Jacksonville, FL and Charleston, SC received near-historic levels of storm surge causing significant coastal flooding. Irma maintained a maximum sustained wind of 185 mph for 37 hours, the longest in the satellite era. Irma also was a category 5 storm for longer than all other Atlantic hurricanes except Ivan in 2004."
140,Hurricane Maria (September 2017),Tropical Cyclone,2017-09-19,2017-09-21,115200.0,90000.0,2981.0,2,140,"Category 4 hurricane made landfall in southeast Puerto Rico after striking the U.S. Virgin Island of St. Croix. Maria's high winds caused widespread devastation to Puerto Rico's transportation, agriculture, communication and energy infrastructure. Extreme rainfall up to 37 inches caused widespread flooding and mudslides across the island. The interruption to commerce and standard living conditions will be sustained for a long period, as much of Puerto Rico's infrastructure is rebuilt. Maria tied Hurricane Wilma (2005) for the most rapid intensification, strengthening from tropical depression to a category 5 storm in 54 hours. Maria's landfall at Category 4 strength gives the U.S. a record three Category 4+ landfalls this year (Maria, Harvey, and Irma). Maria was one of the deadliest storms to impact the U.S., with numerous indirect deaths in the wake of the storm's devastation."
141,Central and Eastern Winter Storm (January 2018),Winter Storm,2018-01-03,2018-01-05,1324.6,1043.0,22.0,2,141,"A Nor'easter caused damage across many Northeastern states including MA, NJ, NY, CT, ME, NH, PA, MD, RI, SC, TN, VA, NC and GA."
142,Northeast Winter Storm (March 2018),Winter Storm,2018-03-01,2018-03-03,2786.4,2194.0,9.0,2,142,"Powerful Nor'easter impacted many Northeastern states including MD, MA, NH, NJ, NY, PA, CT, DE, RA and VA. Widespread damage resulted from the combination of high winds, heavy snow and heavy coastal erosion."
143,Southeastern Tornadoes and Severe Weather (March 2018),Severe Storm,2018-03-18,2018-03-21,1844.1,1452.0,0.0,3,143,"A potent severe storm system caused over 20 tornadoes across Alabama and also widespread hail damage from Texas to Florida. Most notably this system produced an EF-3 tornado that caused extensive damage in Jacksonville, Alabama and across the campus of Jacksonville State University."
144,Southern and Eastern Tornadoes and Severe Weather (April 2018),Severe Storm,2018-04-13,2018-04-16,1660.7,1318.0,3.0,3,144,"Tornadoes and severe storms with large hail cause widespread damage across many Southern and Eastern states (AR, FL, GA, LA, MD, MI, MS, MO, NJ, NY, NC, PA, SC, TX, VA) over a multi-day period. There were over 70 confirmed tornadoes largely clustered in Louisiana, Mississippi, North Carolina and Virginia. This same system also caused winter storm impacts of high wind and ice accumulation in northeastern states."
145,Central and Northeast Severe Weather (May 2018),Severe Storm,2018-05-01,2018-05-04,1751.3,1390.0,0.0,3,145,"Numerous central states (KS, NE, OK, TX, NM, MO, IA, IL, IN, OH, WI) were impacted by large hail and tornadoes. Several northeastern states including NY, PA and VT were also impacted by high wind damage from severe storms."
146,Central and Eastern Severe Weather (May 2018),Severe Storm,2018-05-13,2018-05-15,1726.2,1370.0,5.0,2,146,"Severe storm damage across many Central states including TX, KS, CO, OK, MO, IL, IN, IA and OH. This was followed by a derecho event across the Northeastern states of MD, NJ, NY, PA, VA, WV, MA and CT that caused widespread high wind damage. Also, there were one dozen tornadoes reported across PA, NY and CT causing further damage."
147,Western Wildfires California Firestorm (Summer-Fall 2018),Wildfire,2018-06-01,2018-12-31,30000.0,24000.0,106.0,213,147,"In 2018, California has experienced its costliest, deadliest and largest wildfires to date, with records back to 1933. The Camp Fire is the costliest and deadliest wildfire - destroying more than 18,500 buildings. California also endured its largest wildfire on record - the Medincino Complex Fire - burning over 450,000 acres. Additionally, California was impacted by other destructive wildfires: the Carr Fire in Northern California and the Woolsey Fire in Southern California. The total 2018 wildfire costs in California (with minor costs in other Western states) approach $24.0 ($30.0) billion - a new U.S. record. In total, over 8.7 million acres has burned across the U.S. during 2018, which is well above the 10-year average (2009-2018) of 6.8 million acres. The last 2 years of U.S. wildfire damage has been unprecedented in damage, with losses exceeding $40.0 ($50.0) billion."
148,Southwest/Southern Plains Drought (Summer-Fall 2018),Drought,2018-06-01,2018-12-30,3797.4,2990.0,0.0,212,148,"Drought conditions were present across numerous Southwestern and Plains states (TX, OK, KS, MO, CO, NM, AZ, UT). The most extreme drought conditions continue to persist across the Four Corners region of the Southwest. The agriculture sector has been impacted across the affected states including damage to field crops from lack of rainfall. Ranchers have also be forced to sell-off livestock early in some regions due to high feeding costs."
149,Texas Hail Storm (June 2018),Severe Storm,2018-06-06,2018-06-06,1625.0,1300.0,0.0,0,149,"Large-hail impacts highly-populated area of the Dallas-Ft. Worth metroplex. Golfball to baseball-sized hail damages many homes, vehicles and businesses."
150,Colorado Hail Storm (June 2018),Severe Storm,2018-06-13,2018-06-13,1193.8,955.0,0.0,0,150,"Severe hail storms cause golf ball to baseball-sized hail and widespread damage in many areas from northern Denver to Boulder and Fort Collins. Many homes, businesses and vehicles were impacted. Utah also experienced moderate hail damage."
151,Colorado Hail Storm (June 2018),Severe Storm,2018-06-18,2018-06-19,2778.8,2223.0,0.0,1,151,"Severe hail storms cause golf ball to baseball-sized hail and widespread damage in many areas from northern Denver to Boulder and Fort Collins. Many homes, businesses and vehicles were impacted. Utah also experienced moderate hail damage."
152,Central and Eastern Tornadoes and Severe Weather (July 2018),Severe Storm,2018-07-19,2018-07-22,1981.6,1585.0,0.0,3,152,"At least 41 tornadoes and high wind damage from thunderstorms impact numerous Central and Eastern states (MO, IA, IL, IN, KS, KY, AL, AR, GA, TN, NC, SC, VA, MD, PA) over a multi-day event. The tornado damage was most severe across Iowa."
153,Mountain West Severe Weather (July 2018),Severe Storm,2018-07-26,2018-07-29,1063.8,851.0,0.0,3,153,"Severe weather including hail, high winds and 19 tornadoes impacted Montana, Wyoming and Colorado. These impacts caused damage to homes, businesses, vehicles and other infrastructure."
154,Rockies and Plains Hail Storms (August 2018),Severe Storm,2018-08-06,2018-08-07,1281.4,1025.0,0.0,1,154,"Severe hail impacts from baseball to softball size impacted several states including Colorado, Nebraska and Wyoming. The most costly impacts occurred in numerous locations of eastern Colorado."
155,Hurricane Florence (September 2018),Tropical Cyclone,2018-09-13,2018-09-16,30000.0,24000.0,53.0,3,155,"Hurricane Florence was a large and very slow moving hurricane that produced extreme rainfall across eastern North Carolina (up to 35.93"") and South Carolina (up to 23.81""), as prodigious amounts of rainfall were common in many locations. Florence made landfall as a category 1, at Wrightsville Beach, NC with damaging storm surge up to 10 feet and wind gusts reported over 100 mph. However, the majority of the damage caused by Florence was due to the rainfall inland, which caused many rivers to surpass previous record flood heights. U.S. Marine base Camp Lejeune in North Carolina suffered extensive damage that will cost billions to repair. The total damage from Florence in North Carolina is more than the cost experienced during Hurricane Matthew (2016) and Hurricane Floyd (1999) combined."
156,Hurricane Michael (October 2018),Tropical Cyclone,2018-10-10,2018-10-11,31218.8,24975.0,49.0,1,156,"Powerful category 5 hurricane made landfall at Mexico Beach, Florida with devastating winds of 160 mph and storm surge in excess of 15 feet. Mexico Beach was nearly destroyed, while Panama City suffered extensive damage. Florida's Tyndall Air Force Base also suffered a direct strike from Michael's most intense eye wall winds causing billions in damage costs. Michael's intense winds also reached well inland causing billions in damage costs to agriculture and forestry, as high winds hit during harvest season for numerous crops across several states. Michael is the third category 4 or higher storm to make landfall in the U.S. since 2017. Michael is the first category 5 to strike the U.S. mainland since Hurricane Andrew in 1992 and is only the fourth on record. The others are the Labor Day Hurricane (1935) and Hurricane Camille (1969). Michael was initially rated as a category 4 with 155 winds but upgraded to a category 5 with 160 mph winds upon further analysis."
157,Southeast Ohio Valley and Northeast Severe Weather (February 2019),Severe Storm,2019-02-23,2019-02-25,1547.2,1237.5,2.0,2,157,"Tornadoes, severe weather and flooding in the south (MS, AL, TN) and high-wind damage across many Ohio Valley (IL, IN, OH) and Northeastern states (CT, MD, MA, NJ, NY, PA, VA, WV). This storm system produced heavy rain that caused major flooding along parts of the Ohio, Mississippi and Tennessee rivers."
158,Missouri River and North Central Flooding (March 2019),Flooding,2019-03-14,2019-03-31,13408.9,10727.0,3.0,17,158,"Historic Midwest flooding inundated millions of acres of agriculture, numerous cities and towns, and caused widespread damage to roads, bridges, levees, and dams. The states most affected were Nebraska, Iowa, Missouri, South Dakota, Minnesota, North Dakota, Wisconsin and Michigan. This flood was triggered by a powerful storm with heavy precipitation that intensified snow melt and flooding. Of note, the Offutt Air Force Base in Nebraska was also severely flooded - the third U.S. military base to be damaged by a billion-dollar disaster event over a 6-month period (Sept 2018-Feb 2019). This historic flooding was one of the costliest U.S. inland flooding events on record."
159,Mississippi River Midwest and Southern Flooding (July 2019),Flooding,2019-03-15,2019-07-31,7649.6,6169.0,4.0,138,159,"Additional major flooding impacted many Southern Plains states significantly affecting agriculture, roads, bridges, levees, dams and other assets across many cities and towns. The states most affected were Oklahoma, Nebraska, Missouri, Illinois, Kansas, Arkansas, Kentucky, Tennessee, Texas, Mississippi and Louisiana. Very high water levels also disrupted barge traffic along the Mississippi River, which negatively impacted a variety of dependent industries. Indiana and Ohio were also affected by persistent heavy rainfall that flooded farmland, which prevented and reduced crop planting by millions of acres."
160,Texas Hail Storm (March 2019),Severe Storm,2019-03-22,2019-03-24,1903.4,1535.0,0.0,2,160,"Texas hail storm over the Dallas metroplex damaged many homes, businesses and vehicles. Oklahoma also received hail damage resulting from the same severe weather system."
161,Southern and Eastern Tornadoes and Severe Weather (April 2019),Severe Storm,2019-04-13,2019-04-14,1540.0,1252.0,7.0,1,161,"Tornado outbreak and severe storms impacted many states (TX, LA, MS, AL, GA, NC, OH and PA). More than 50 tornadoes occurred across central Mississippi and Alabama causing damage to vehicles, homes and businesses. More than 25 additional tornadoes also caused damage across several eastern states from Georgia to Pennsylvania. These severe storms also delivered damaging hail and high wind damage that was widespread across many Southern and and Eastern states."
162,South and Southeast Severe Weather (May 2019),Severe Storm,2019-05-07,2019-05-13,1862.4,1514.0,0.0,6,162,"Persistent severe storms impacted numerous states from Texas to North Carolina (TX, OK, KS, AR, LA, MS, AL, NC). Tornadoes and damaging hail particularly affected Texas, Louisiana and North Carolina focused across the Raleigh metro region."
163,Central Severe Weather (May 2019),Severe Storm,2019-05-16,2019-05-18,1196.9,973.0,0.0,2,163,"Central severe storms across the Illinois, Indiana, Iowa and Texas damaged many homes, businesses and vehicles."
164,Arkansas River Flooding (June 2019),Flooding,2019-05-20,2019-06-14,3720.8,3025.0,5.0,25,164,"Historic flooding impacts the Arkansas River Basin with damage to homes, agriculture, roads, bridges and levees focused across eastern Oklahoma and western Arkansas. Thousands of homes, cars and businesses were flooded due a combination of high rivers, levee failure and persistently heavy rainfall from May 20 through June."
165,Rockies Central and Northeast Tornadoes and Severe Weather (May 2019),Severe Storm,2019-05-26,2019-05-29,5655.6,4598.0,3.0,3,165,"A four-day tornado outbreak impacts many states across the Rockies, Central and Northeast (CO, WY, NE, KS, OK, MO, IA, IL, IN, OH, PA and NJ). This outbreak produced 190 tornadoes in addition to hundreds of reports of damaging hail and straight-line thunderstorm winds. Of particular note was an EF-4 tornado that produced heavy damage near the city of Dayton, Ohio on May 27."
166,California and Alaska Wildfires (Summer-Fall 2019),Wildfire,2019-06-01,2019-11-30,5535.0,4500.0,3.0,182,166,"California experienced a damaging wildfire season in 2019, largely resulting from the Kincade and Saddle Ridge wildfires. In addition, a key California electrical utility provider turned off power to millions of homes and businesses several times during days with forecasted high winds and extremely dry conditions. This step was designed to minimize wildfires, with some success, but it also caused billions of dollars in losses to those affected. Alaska also suffered a near-historic wildfire season with more than 2.5 million acres burned. These wildfire conditions were primed due to Alaska's record-breaking heat and dry conditions during the summer months. July 2019 was the warmest month ever recorded in Alaska."
167,Colorado Hail Storms (July 2019),Severe Storm,2019-07-04,2019-07-05,1239.8,1008.0,0.0,1,167,Colorado hail storms across the Denver and Fort Collins that damaged many homes and vehicles.
168,Hurricane Dorian (September 2019),Tropical Cyclone,2019-08-28,2019-09-06,1980.3,1610.0,10.0,9,168,"Category 1 hurricane makes landfall on the Outer Banks of North Carolina, after devastating the northern Bahama Islands as a historically-powerful and slow-moving hurricane. Dorian tracked offshore parallel to the Florida, Georgia and South Carolina coastline before making a North Carolina landfall, bringing a destructive sound-side surge that inundated many coastal properties and isolated residents who did not evacuate. Significant flood, severe storm, and tornado damage to many homes and businesses occurred on the Outer Banks of North Carolina. Dorian's intensification to a category 5 storm marks the fourth consecutive year, in which a maximum category 5 storm developed in the Atlantic basin - a new record. Dorian also tied the record for maximum sustained wind speed for a landfalling hurricane (185 mph) in the Atlantic, a record shared with the historic 1935 Labor Day Hurricane."
169,Tropical Storm Imelda (September 2019),Tropical Cyclone,2019-09-17,2019-09-21,6150.0,5000.0,5.0,4,169,"Tropical storm and its remnants cause 24 to 36 inches of rainfall over a 3-day period across a large area between Houston and Beaumont, Texas. The largest storm total, 43.39 inches, was reported at North Fork Taylors Bayou, Texas. Many thousands of homes, cars and businesses were impacted by flood water due to this extraordinarily heavy rainfall. Imelda is yet another of the historically extreme rainfall and flood events that have become a regular occurrence across Southeast Texas over the last 5 years."
170,Texas Tornadoes and Central Severe Weather (October 2019),Severe Storm,2019-10-20,2019-10-20,2113.1,1718.0,2.0,0,170,"Numerous tornadoes caused widespread damage across northern Dallas damaging thousands of homes, vehicles, businesses and other public infrastructure. Tornadoes up to EF-3 intensity with maximum winds of 140 mph tracked across a large section of highly developed northern Dallas. Additionally high winds and hail damage also caused damage in other states including Oklahoma, Missouri, Arkansas, Louisiana and Tennessee."
171,Southeast Tornadoes and Northern Storms and Flooding (January 2020),Severe Storm,2020-01-10,2020-01-12,1401.8,1149.0,10.0,2,171,"More than 80 tornadoes and severe storms caused damage across many southeastern states (AL, AR, GA, IL, IN, KY, LA, MS, MO, NC, OH, SC, TN, TX, VA, WI). Storms and severe flooding also impacted northern states including Michigan, Wisconsin and New York. Significant damage occurred along the shoreline of Lake Michigan to roads, the foundation of homes and to Port Milwaukee. These powerful waves were generated by high winds and a lack of seasonal ice cover."
172,South East and Northeast Severe Weather (February 2020),Severe Storm,2020-02-05,2020-02-07,1532.2,1256.0,3.0,2,172,"Severe weather across many South, East and Northeastern states including AL, FL, GA, SC, LA, MS, TN, NC, VA, PA, RI, NY, NJ, MD and MA. There were more than 20 tornadoes clustered across central Mississippi into Tennessee. There were also hundreds of high wind damage reports from Florida to New Jersey, with the Carolinas and Florida receiving the most costly damage."
173,Tennessee Tornadoes and Southeast Severe Weather (March 2020),Severe Storm,2020-03-02,2020-03-04,2850.0,2336.0,25.0,2,173,"Powerful EF-3 and EF-4 tornadoes cause considerable damage across the Nashville metroplex and several counties east of Nashville. This damage included many homes, businesses, vehicles, 90 planes and numerous buildings at the Nashville airport. There was also additional hail and wind damage in the surrounding states including Alabama, Kentucky, Mississippi and Missouri."
174,Midwest and Ohio Valley Severe Weather (March 2020),Severe Storm,2020-03-27,2020-03-28,3120.9,2558.0,0.0,1,174,"Severe weather caused damage across many Midwest and Ohio Valley states including Missouri, Oklahoma, Texas, Illinois, Indiana, Ohio, Arkansas, Kentucky, Tennessee, West Virginia and Pennsylvania. The states most affected from a combination of high winds and hail were Missouri, Ohio and Arkansas. There were also two dozen tornadoes across Iowa, Illinois, Indiana and Arkansas causing additional damage."
175,North Central and Ohio Valley Hail Storms and Severe Weather (April 2020),Severe Storm,2020-04-07,2020-04-08,3543.9,2881.0,0.0,1,175,"Numerous hail storms caused widespread damage across many North Central and Ohio Valley states including Illinois, Iowa, Indiana, Ohio, Michigan, Wisconsin and Missouri. More than 20 tornadoes were also reorted across southern Indiana and Ohio. There was additional widespread high wind damage to homes, vehicles and businesses in many other surrounding states."
176,Southeast and Eastern Tornado Outbreak (April 2020),Severe Storm,2020-04-12,2020-04-13,4236.2,3444.0,35.0,1,176,"Outbreak of at least 140 tornadoes from Texas to Maryland including 3 EF4s, 12 EF3s, 20 EF2s, 77 EF1s and 28 EF0s. Damage was extensive and highly destructive to many homes, vehicles and businesses across more than a dozen Southeast and Eastern states."
177,Southern Severe Weather (April 2020),Severe Storm,2020-04-21,2020-04-23,1660.6,1350.0,3.0,2,177,"Severe weather caused damage across many Southern states. The states most affected from a combination of high winds, hail and tornadoes included Texas, Oklahoma, Louisiana, Mississippi, Alabama, Georgia, Florida and Virginia. The states with the highest damage totals for the event were Oklahoma, Louisiana and Texas."
178,Central Southern and Eastern Severe Weather (April 2020),Severe Storm,2020-04-27,2020-04-30,1263.3,1027.0,1.0,3,178,"Severe weather across many Central, Southern and Eastern states produced primarily large hail and high winds that caused widespread damage to many homes, vehicles and businesses. The states affected included Oklahoma, Texas, Missouri, Arkansas, Louisiana, Virginia, Pennsylvania, Maryland, Delaware and New Jersey."
179,Central and Eastern Severe Weather (May 2020),Severe Storm,2020-05-03,2020-05-05,2598.9,2113.0,2.0,2,179,"Severe weather across several Central and Eastern states including Kansas, Missouri, Arkansas, Tennessee and South Carolina. High wind and hail damage was notably clustered across southern Missouri and western to central Tennessee, which were the states with the highest damage totals for the event."
180,South Central and Eastern Severe Weather (May 2020),Severe Storm,2020-05-20,2020-05-23,1948.6,1584.0,2.0,3,180,"A combination of thunderstorm high winds, hail and tornadoes affected numerous Southern, Central and Eastern states. The states most affected included Texas, Illinois and North Carolina with damage to homes, businesses and vehicles. Oklahoma, Arkansas, Indiana, Tennessee, Alabama, Georgia, Florida and South Carolina."
181,South Texas Hail Storms (May 2020),Severe Storm,2020-05-27,2020-05-27,1722.0,1400.0,0.0,0,181,"South Texas hail storms cause widespread impact to several cities with golf-ball sized hail damaging many homes, vehicles and businesses. The highest concentration of hail damage occurred across the northern portion of the San Antonio metroplex. There was also significant damage east of San Marcos, southeast of Waco and to the west and south of Bryan and College Station."
182,Western/Central Drought and Heat Wave (Summer-Fall 2020),Drought,2020-06-01,2020-12-30,5439.1,4495.0,45.0,212,182,"Widespread, continuous drought and record heat affected more than a dozen Western and Central states for much of the summer, fall and into the winter months. Persistent above-average temperatures and precipitation deficits caused D3 (extreme) and D4 (exceptional) drought coverage in December that was the largest extent since August 2012. Death Valley recorded a temperature of 130 degrees F - the highest measured temperature globally in decades - while Los Angeles county recorded a record high of 121 degrees F. There were considerable crop and livestock impacts across the West and Central states from both the persistent heat and increasingly dry conditions. The combined drought and heat also assisted in drying out vegetation across the West that contributed to the Western wildfire potential and severity."
183,Central Severe Weather (July 2020),Severe Storm,2020-07-10,2020-07-11,1459.1,1196.0,0.0,1,183,"Central severe weather producing hundreds of severe hail and high wind reports across numerous states including Nebraska, South Dakota, Minnesota, Kansas, Oklahoma, Iowa, Illinois and Indiana. These storms caused impacts to many homes, vehicles and businesses."
184,Hurricane Hanna (July 2020),Tropical Cyclone,2020-07-25,2020-07-26,1300.8,1075.0,0.0,1,184,"Category 1 Hurricane Hanna made landfall at Padre Island, Texas on July 25 with sustained winds of 90 miles per hour. The impacts from wind, wave action and flooding were most notable in damaging coastal infrastructure and to the agriculture sector. The crop damage was most focused across the Rio Grande Valley in southern Texas."
185,Western Wildfires - California Oregon Washington Firestorms (Fall 2020),Wildfire,2020-08-01,2020-12-30,19904.5,16450.0,46.0,151,185,"A record-breaking U.S. wildfire season burned more than 10.2 million acres. California more than doubled its previous annual record for area burned (last set in 2018) with over 4.1 million acres. Five of the top six largest wildfires on record in California (dating to 1932) burned during August and September. The August Complex was the largest California wildfire, which began as 37 separate wildfires within the Mendocino National Forest, set off after storms caused >10,000 lightning strikes across Northern California. Approximately 10,500 structures were damaged or destroyed across California. Oregon also had historic levels of wildfire damage, as over 2,000 structures burned. These wildfires spread rapidly and destroyed several small towns in California, Oregon and Washington. Colorado also had a severe wildfire season, as its three largest wildfires on record burned during 2020. Dense wildfire smoke also produced hazardous air quality that affected millions of people that also included major cities for weeks. Hundreds of additional wildfires also burned across other Western states."
186,Hurricane Isaias (August 2020),Tropical Cyclone,2020-08-03,2020-08-04,5756.1,4757.0,16.0,1,186,"Hurricane Isaias made landfall in southeastern North Carolina as a category 1 storm. Isaias accelerated up the East Coast, resulting in widespread damage and power outages across New York, New Jersey and Pennsylvania. There was also considerable inland flooding most notably in Pennsylvania. In addition, 34 tornadoes developed across North Carolina, Virginia, Maryland, Delaware and New Jersey due to Isaias. Many tornadoes were weaker (EF-0 and EF-1) producing scattered damage to agriculture, structures and residences. Isaias also produced several EF-2 tornadoes and one EF-3 tornado that caused damage in coastal North Carolina and Virginia."
187,Central Severe Weather - Derecho (August 2020),Severe Storm,2020-08-10,2020-08-10,13452.9,11027.0,4.0,0,187,"A powerful derecho traveled from southeast South Dakota to Ohio, a path of 770 miles in 14 hours producing widespread winds greater than 100 mph. The states most affected included Iowa, Illinois, Minnesota, Indiana and Ohio. This derecho caused widespread damage to millions of acres of corn and soybean crops across central Iowa. There was also severe damage to homes, businesses and vehicles particularly in Cedar Rapids, Iowa. In addition, there were 15 tornadoes across northeastern Illinois several affecting the Chicago metropolitan area. This is the third severe weather event (since 1980) with inflation-adjusted costs over $10.0 ($12.2) billion joining the late-April and May 2011 tornado outbreaks across the Southeastern and Central states, respectively."
188,Hurricane Laura (August 2020),Tropical Cyclone,2020-08-27,2020-08-28,28090.3,23215.0,42.0,1,188,"Hurricane Laura was a powerful category 4 that made landfall at Cameron Parish, in southwestern Louisiana on August 27. Winds up to 150 mph and storm surge in excess of 15 feet caused heavy damage along the coast and inland to the city of Lake Charles. Many broken water systems and a severely damaged electrical grid in southern Louisiana will slow the recovery process. Laura was the strongest hurricane (by maximum sustained windspeed at landfall) to hit Louisiana since the 1856 Last Island hurricane. Laura also had highest landfall wind speed to impact the U.S. since Hurricane Michael in 2018. There were additional impacts to surrounding states including Texas, Mississippi and Arkansas."
189,Hurricane Sally (September 2020),Tropical Cyclone,2020-09-15,2020-09-17,8801.5,7274.0,5.0,2,189,"Hurricane Sally was a category 2 hurricane at landfall in Gulf Shores, Alabama. Wind gusts up to 100 mph and 20-30 inches of rainfall caused considerable flood and wind damage across Alabama, the Florida panhandle and into Georgia. Many homes and businesses in downtown Pensacola, FL were impacted from flooding produced by storm surge and heavy rainfall. 2020 is now the fourth consecutive year (2017-2020) that the U.S. has been impacted by a slow moving tropical cyclone that produced extreme rainfall and damaging floods - Harvey, Florence, Imelda and Sally."
190,Hurricane Delta (October 2020),Tropical Cyclone,2020-10-09,2020-10-11,3469.3,2867.0,5.0,2,190,"Hurricane Delta was a category 2 hurricane that made landfall near Creole, Louisiana with winds of 100 mph on October 9. This was nearly the same location in which category 4 Hurricane Laura made landfall 6 weeks prior. Heavy rainfall, high winds, storm surge, and nearly one dozen EF-0 or EF-1 tornadoes caused damage across several states including Louisiana, eastern Texas, Mississippi and Georgia."
191,Hurricane Zeta (October 2020),Tropical Cyclone,2020-10-28,2020-10-29,5266.0,4352.0,6.0,1,191,"Hurricane Zeta was a category 2 hurricane that made landfall at Cocodrie, Louisiana with maximum sustained winds of 110 mph on October 28th. Zeta's path inland saw an acceleration of its quick landfall speed to nearly 40 mph, which allowed the wind fields to maintain some strength. These wind impacts propagated well inland affecting parts of Louisiana, Alabama, Mississippi, northern Georgia and into the Carolinas. Hurricane Zeta was the fifth tropical cyclone to make landfall in Louisiana during 2020 as part of a historically active Atlantic hurricane season."
192,Tropical Storm Eta (November 2020),Tropical Cyclone,2020-11-08,2020-11-12,1766.7,1460.0,12.0,4,192,"Tropical Storm Eta made landfall in the Florida Keys on November 8 followed by a second landfall near Cedar Key on the west coast of Florida on November 10. Eta produced wind and heavy rain impacts in southern Florida. These impacts continued well inland, as Eta's energy merged with a cold front across several eastern states. This combination produced extreme rainfall across North Carolina and Virginia, which led to significant flooding that damaged homes, businesses and infrastructure. This flooding also caused one dozen fatalities."
193,Western Drought and Heat Wave (2021),Drought,2021-01-01,2021-12-31,10201.9,8431.0,229.0,364,193,"Western drought conditions were persistent throughout 2021, as the drought expanded and intensified across many Western states. A historic heat wave also developed for many days across the Pacific Northwest shattering numerous all-time high temperature records across the region. This prolonged heat dome was maximized over the states of Oregon and Washington and extended well into Canada. These extreme temperatures impacted several major cities and millions of people. For example, Portland reached a high of 116 degrees F while Seattle reached 108 degrees F. These extreme temperatures caused hundreds of direct and indirect heat-related fatalities across Oregon and Washington, not including excess mortality that may be hundreds of additional deaths. This combined drought and heat rapidly dried out vegetation across the West, impacting agriculture. Low water levels also forced the hydroelectric power plant at Lake Oroville in California to shut down for the first time since it opened in 1967."
194,California Flooding and Severe Weather (January 2021),Flooding,2021-01-24,2021-01-29,1325.0,1095.0,2.0,5,194,"California was impacted by an atmospheric river in late-January, in which more than 7 inches of rain fell from southern California to the central California coast. Rainfall totals exceeded 15 inches in Monterey and San Luis Obispo counties. These heavy rains caused flooding and mudslides in some of the same areas burned by wildfires in late-2020. This combination caused dozens of slides and debris flows damaging homes, vehicles and businesses and infrastructure. Highway 1 south of Big Sur was washed out while the Sierra Nevada range received several feet of snow, closing major highways. In addition to significant rain and snow, high winds also caused extensive power outages across parts the region."
195,Northwest Central Eastern Winter Storm and Cold Wave (February 2021),Winter Storm,2021-02-10,2021-02-19,27223.2,22686.0,262.0,9,195,"Historic cold wave and winter storm impacts many northwest, central and eastern states. Temperature departures exceeding 40.0 degrees F (22.2 degrees C) below normal occurred from Nebraska southward to Texas. The prolonged arctic air caused widespread power outages in Texas, as well as other southern states, with multiple days of sustained below-freezing temperatures. At the peak of the outage, nearly 10 million people were without power. Additional impacts were frozen water pipes, which burst upon thawing causing water damage to buildings. These extreme conditions also caused or contributed to the direct and indirect deaths of more than 210 people in Texas alone. This count does not include excess mortality that may be hundreds of additional deaths. There were also snow and ice impacts across numerous states including Oklahoma, Arkansas, Missouri, Illinois, Kentucky, Tennessee, Louisiana, Mississippi, Colorado, Oregon and Washington. This is now the costliest U.S. winter storm event on record, more than doubling the inflation-adjusted cost of the 'Storm of the Century' that occurred in March 1993."
196,Southeast Tornadoes and Severe Weather (March 2021),Severe Storm,2021-03-24,2021-03-25,1995.8,1677.0,6.0,1,196,"At least 41 tornadoes impact several states including Kentucky, Tennessee, Mississippi, Alabama and Georgia. These included one EF-4, four EF-3s, ten EF-2s and approximately two-dozen EF-1 or EF-0 tornadoes. The strongest of these tornadoes were focused across central Alabama and western Georgia with tracks across the entire width of Alabama. There was widespread damage to homes, businesses, vehicles and infrastructure."
197,Eastern Severe Weather (March 2021),Severe Storm,2021-03-27,2021-03-28,1601.9,1346.0,8.0,1,197,"Severe weather producing hail, high wind and more than two dozen tornadoes impacted numerous states including Arkansas, Alabama, Georgia, Mississippi, South Carolina, North Carolina and Virginia. Tennessee was also affected with significant flooding in Nashville and surrounding areas that damaged businesses, homes and vehicles. There were also many high wind damage reports across Pennsylvania, Maryland and New Jersey."
198,Texas Hail Storms (April 2021),Severe Storm,2021-04-12,2021-04-15,1755.3,1475.0,0.0,3,198,"A series of hail storms impacted central Texas causing damage to many homes, vehicles and businesses. There was considerable hail damage northeast of Austin, west of Georgetown and southwest of The Woodlands."
199,Texas and Oklahoma Severe Weather (April 2021),Severe Storm,2021-04-27,2021-04-28,3747.4,3149.0,0.0,1,199,"Severe weather including tornadoes, high wind, localized flooding and large hail cause widespread impacts across central Texas and Oklahoma. There was considerable damage across Texas and Oklahoma to many homes, vehicles and businesses particularly from hail storms. Several of the more impacted areas include west of San Antonio, north of Fort Worth, and southwest of San Marcos."
200,Southern Tornadoes and Southeast Severe Weather (May 2021),Severe Storm,2021-05-02,2021-05-04,1479.1,1264.0,4.0,2,200,"Tornadoes and severe storms with widespread high wind and large hail cause damage across many Southern and Southeastern states including Mississippi, Texas, Arkansas, Alabama, Georgia, South Carolina, North Carolina, and Tennessee. There were over 111 confirmed tornadoes largely clustered in central Mississippi and surrounding states."
201,Louisiana Flooding (May 2021),Flooding,2021-05-17,2021-05-18,1569.6,1319.0,5.0,1,201,"Torrential rainfall from thunderstorms across Louisiana and coastal Texas caused widespread flooding and resulted in hundreds of water rescues. Baton Rouge and Lake Charles experienced flood damage to thousands of homes, vehicles and businesses, as more than 12 inches of rain fell. Lake Charles also continues to recover from the widespread damage caused by Hurricanes Laura and Delta less than 9 months before this flood event."
202,Western Wildfires (2021),Wildfire,2021-06-01,2021-12-31,12064.0,10400.0,8.0,213,202,"Severe drought conditions and periods of extreme heat provided conditions favorable for another damaging western wildfire season most focused across California, Colorado, Oregon, Washington, Idaho, Montana and Arizona. The Dixie Fire consumed over 960,000 acres making it the second-largest wildfire on record in California while also destroying more than 1,000 structures. California's Caldor Fire grew rapidly during August, threatening South Lake Tahoe communities and burned over 220,000 acres. Other large wildfires included the Ford Corkscrew Fire (Washington), the Bootleg Fire (Oregon), the Boundary Fire (Idaho), the Trail Creek Fire (Montana) and the Telegraph Fire (Arizona), among many others. There was also the Marshall Fire in Boulder County, Colorado on December 30 that damaged or destroyed more than 1,000 homes and businesses. This wildfire is the most destructive on record in Colorado. Throughout the wildfire season air quality was also a concern across numerous states, as ash and fine particulates from wildfires obscured the skies and made outdoor activities more hazardous. Over 7.1 million acres burned nationally during the 2021 wildfire season."
203,Ohio Valley Hail Storms (June 2021),Severe Storm,2021-06-17,2021-06-18,1980.1,1707.0,0.0,1,203,"Damaging hail storm and high wind impacts across several states including Ohio, Illinois, Indiana, Michigan, Wisconsin, Minnesota, Iowa and Missouri. The hail impacts were most severe in southeastern Minnesota, southern Iowa, southeastern Indiana and southwestern Ohio, with damage to many homes, vehicles and businesses."
204,Central Severe Storms (June 2021),Severe Storm,2021-06-24,2021-06-26,1453.6,1253.0,0.0,2,204,"A combination of thunderstorm high winds, hail and tornadoes affected numerous Central states. The states most affected included Michigan, Illinois, Indiana, Ohio, Missouri, Kansas and Texas with damage to homes, businesses, vehicles and agriculture."
205,Tropical Storm Elsa (July 2021),Tropical Cyclone,2021-07-07,2021-07-09,1407.1,1213.0,1.0,2,205,"Tropical Storm Elsa made landfall in Taylor County, Florida producing heavy rain, wind, flooding and tornadoes in portions of Florida, Georgia and the Carolinas, as well as flooding across parts of the Northeast. Southern New England and New York's Long Island experienced flash flooding, leading to impassable roads, stranded vehicles and disruption. Elsa was the earliest fifth-named storm on record."
206,Central Severe Storms (July 2021),Severe Storm,2021-07-08,2021-07-11,1252.8,1080.0,0.0,3,206,"Severe storms caused considerable hail damage across numerous Central states including Missouri, Nebraska, Iowa, South Dakota, North Dakota, New Mexico and Texas. There was also widespread high wind damage to homes, vehicles and businesses in many other surrounding states."
207,North Central Severe Weather (August 2021),Severe Storm,2021-08-10,2021-08-13,1489.5,1284.0,2.0,3,207,"Widespread high wind impacts across numerous North Central states including Illinois, Michigan, Wisconsin, Indiana, Ohio and Missouri. This multi-day event caused damage to infrastructure, homes, vehicles and businesses."
208,Tropical Storm Fred (August 2021),Tropical Cyclone,2021-08-16,2021-08-18,1481.3,1277.0,7.0,2,208,"Tropical Storm Fred made landfall near Panama City, Florida. As Fred progressed northward it caused torrential flooding across the southern Appalachian Mountains with more than a foot of rainfall reported in some locations of western North Carolina. This flash flooding caused damage to many homes, businesses, vehicles, roads and bridges, in additional to several fatalities. Fred also produced nearly a dozen tornadoes across the Northeast as it moved up the East Coast."
209,Hurricane Ida (August 2021),Tropical Cyclone,2021-08-29,2021-09-01,84608.1,73572.0,96.0,3,209,"Category 4 Hurricane Ida made landfall near Port Fourchon, Louisiana with maximum sustained winds of 150 mph (240km/h) and a minimum central pressure of 930 mb. Ida was one of three hurricanes in recorded history to make landfall in Louisiana with 150 mph winds, along with Hurricane Laura in 2020 and the 'Last Island' hurricane of 1856. Grand Isle, Louisiana took a direct hit with 100% of its homes damaged and nearly 40% were nearly-to-completely destroyed. There was heavy damage to the energy infrastructure across southern Louisiana causing widespread, long duration power outages to millions of people. Parts of New Orleans were without power for nearly a week due to the widespread damage. As the remnants of Ida moved into the Northeast it merged with a frontal system creating severe weather and flash flooding across a wide region from eastern Pennsylvania to New York. Flash flood emergencies were declared in New Jersey and New York for the first time, producing damage to homes, businesses, vehicles and infrastructure while also causing dozens of fatalities."
210,Hurricane Nicholas (September 2021),Tropical Cyclone,2021-09-14,2021-09-18,1168.5,1016.0,0.0,4,210,"Category 1 Hurricane Nicholas made landfall near Sargent Beach, Texas on September 14 and moved slowly toward Louisiana over the next several days. This slow progression helped to produce flooding rainfall across regions of the Gulf Coast that were already saturated from Hurricane Ida."
211,Southeast Central Tornado Outbreak (December 2021),Severe Storm,2021-12-10,2021-12-10,4463.1,3915.0,93.0,0,211,"Historic December tornado outbreak across several southeast and central states caused devastating damage across many towns and cities. This outbreak produced two long-tracked EF-4 tornadoes across Arkansas, Missouri, Tennessee and Kentucky. The longest tornado track was nearly 166 miles across Kentucky and a small portion of Tennessee. This was the longest-tracked tornado on record in Kentucky and was a U.S. record tornado track length for the month of December. There were over 800 total miles of tornado path length on December 10. The peak intensity from this outbreak was EF-4 rated wind speeds of 190 mph in Mayfield, Kentucky. This day was also the deadliest December tornado outbreak recorded in the United States surpassing the Vicksburg, Mississippi tornado of December 5, 1953, which caused 38 fatalities."
212,Midwest Derecho and Tornado Outbreak (December 2021),Severe Storm,2021-12-15,2021-12-15,2031.5,1782.0,1.0,0,212,"A rare, record-breaking December derecho and tornado outbreak caused widespread damage that was focused across Kansas, Nebraska, Iowa, Minnesota and Wisconsin. There were many reports of hurricane-force thunderstorm wind gusts and more than 50 tornadoes causing widespread damage to homes, vehicles, businesses and infrastructure. This was the first December derecho on record to occur within the United States. This event also produced the first December tornado on record in Minnesota since 1950, with 17 tornadoes reported across southeast Minnesota."
213,Western/Central Drought and Heat Wave (2022),Drought,2022-01-01,2022-12-31,23480.6,20965.0,136.0,364,213,"Severe drought conditions impacted many Western and Central states. Large reservoirs across the West including Lake Mead, Lake Powell, Lake Oroville, and Shasta Lake, among others continue to be depleted. Lake Mead, the Nation's largest reservoir, is nearing dead pool status and is at the lowest level since it was filled in the 1930s. The Great Salt Lake is also near record-low levels. The impacts of the drought affected crop production across may states and sharply increased feeding costs for livestock. Many segments of the Mississippi River also experienced low water levels causing delays and reductions in river commerce. Extreme heat also developed for many days across Western and Central states. These excess heat conditions caused more than one hundred heat-related fatalities focused across Arizona, Nevada, California, Oregon and Texas. The 2022 drought was one of the costlier droughts on record, with a diverse array of direct impacts across different regions and industries."
214,Texas Hail Storms (February 2022),Severe Storm,2022-02-21,2022-02-22,1118.9,1008.0,0.0,1,214,"Overnight hail storms impacted numerous counties across north central Texas. In particular, the counties of Denton, Collin and Wise were impacted by ping pong to golf ball sized hail causing damage to homes, vehicles and businesses."
215,Southern Tornado Outbreak (March 2022),Severe Storm,2022-03-30,2022-03-30,1381.6,1256.0,2.0,0,215,"An outbreak of 83 tornadoes was focused across the Gulf Coast states including Louisiana, Mississippi, Alabama, and Florida."
216,Western Wildfires (Spring-Fall 2022),Wildfire,2022-04-01,2022-11-30,3296.6,3110.0,17.0,243,216,"Severe drought conditions and periods of extreme heat provided conditions favorable for another damaging western wildfire season most focused across New Mexico, Oregon, Idaho, Montana, California and Alaska. The Calf Canyon and Hermits Peak Fires in New Mexico merged in April consuming over 340,000 acres. This became the largest and most destructive wildfire on record in New Mexico - damaging or destroying over 1,000 structures. Other large wildfires included the Double Creek Fire (Oregon), the Moose Fire (Idaho), the Mosquito Fire (California), the Trail Creek Fire (Montana) and the Lime Complex Fire (Alaska), among many others. Over 7.5 million acres burned nationally during the 2022 wildfire season."
217,Southeast Tornado Outbreak (April 2022),Severe Storm,2022-04-04,2022-04-06,1544.8,1417.0,3.0,2,217,"A tornado outbreak on April 4-6 with a combined 100 preliminary tornadoes reported. The tornadoes occurred across Texas, Louisiana, Mississippi, Alabama, Georgia, Florida and South Carolina. Many of these tornadoes were clustered along the southern regions of Mississippi, Alabama, Georgia and South Carolina. During this three-day period many of these tornadoes were rated as either EF-1 or EF-0, but there were also nine EF-2, three EF-3 and one EF-4 tornado. This EF-4 occurred in Pembroke, Georgia on April 5th with winds of 185 mph that destroyed several neighborhoods. Many of the other tornadoes across the South caused considerable damage to homes, businesses, vehicles, and other infrastructure."
218,Southern Severe Weather (April 2022),Severe Storm,2022-04-11,2022-04-13,2915.7,2675.0,1.0,2,218,"Severe weather including hundreds of damaging wind reports and dozens of tornadoes occurred across    Arkansas, Louisiana, Mississippi, Alabama, Texas, Tennessee and Kentucky. On April 11, tornadoes and damaging hail was focused across central Arkansas causing damage to homes, vehicles, outbuildings and farms and vegetation. April 12 and 13 produced widespread high wind reports and dozens of tornadoes across central Mississippi, northeast Arkansas and west-central Kentucky. These tornadoes produced damage to homes, businesses, farms, outbuildings and other infrastructure. There was also considerable hail damage across Wisconsin and Minnesota."
219,Southern and Central Severe Weather (May 2022),Severe Storm,2022-05-01,2022-05-03,1230.1,1139.0,1.0,2,219,"Severe weather producing high winds and large, damaging hail impacted several Southern and Central states including Texas, Oklahoma, Ohio and Pennsylvania. Many homes, businesses, vehicles and agriculture assets were damaged."
220,North Central Hail Storms (May 2022),Severe Storm,2022-05-09,2022-05-09,2354.4,2160.0,0.0,0,220,"Severe hail storms with numerous reports of golf-balled sized hail causing damage across southeastern Minnesota and western Wisconsin. These hail storms were south of the hail storms that damaged many homes, vehicles and businesses just 10 days earlier on May 9."
221,North Central Severe Weather (May 2022),Severe Storm,2022-05-11,2022-05-12,2949.6,2706.0,1.0,1,221,"Severe weather causes tornado, hail and high wind damage across several states including South Dakota, Nebraska, Minnesota and Wisconsin. Hail and high winds impacted southern Minnesota including the cities of St. Cloud and the Minneapolis metro area. In addition, numerous reports of high wind damage occurred across eastern Nebraska. There were also more than two dozen tornadoes that impacted eastern South Dakota and central Minnesota causing damage to homes, vehicles, businesses, agriculture and other infrastructure. "
222,North Central Hail Storms (May 2022),Severe Storm,2022-05-19,2022-05-19,2625.4,2431.0,0.0,0,222,"Severe hail storms with numerous reports of golf-balled sized hail causing damage across southeastern Minnesota and western Wisconsin. These hail storms were south of the hail storms that damaged many homes, vehicles and businesses just 10 days earlier on May 9."
223,Central Severe Weather (June 2022),Severe Storm,2022-06-07,2022-06-08,2025.7,1911.0,0.0,1,223,"Severe weather produced damaging hail, high wind and damage from more than two dozen tornadoes across numerous states including Colorado, Nebraska, Kansas, Missouri, Oklahoma, Texas, Iowa and Ohio. Hail and high wind damage was severe across much of Nebraska causing widespread damage to homes, businesses, vehicles, farms and agriculture and other infrastructure."
224,Central Derecho (June 2022),Severe Storm,2022-06-13,2022-06-13,3386.6,3195.0,1.0,0,224,"A powerful derecho carved a path a high wind damage across several states with the impacts focused in Michigan, Illinois, Indiana and Ohio. Thousands of trees were downed from the high winds causing damage to many homes, businesses, vehicles, power lines and other infrastructure. There was also considerable hail damage across southern Wisconsin."
225,North Central and Eastern Severe Weather (July 2022),Severe Storm,2022-07-22,2022-07-24,1420.4,1340.0,1.0,2,225,"Severe weather with high winds and 19 tornadoes impact numerous states including North Dakota, Minnesota, Wisconsin, Michigan, Illinois, Indiana, Ohio, Pennsylvania, Virginia, Maryland and New York. Many homes, businesses, vehicles, agriculture and other infrastructure were damaged."
226,Kentucky and Missouri Flooding (July 2022),Flooding,2022-07-26,2022-07-28,1552.9,1465.0,42.0,2,226,"Eastern Kentucky and eastern Missouri were impacted by major flooding from a stalled frontal system, which damaged thousands of homes, businesses, vehicles and other infrastructure in late-July. Areas around St. Louis received 8-12 inches of rainfall that required swift water rescues due to flooded interstates and homes across the St. Louis metropolitan area. A large region of 5-10+ inches of rainfall across eastern Kentucky produced deadly flash flooding. Over 600 helicopter rescues and many swift water rescues by boat were needed to evacuate people who were trapped by the quickly-rising flood waters. The North Fork of the Kentucky River at Jackson also reached major flood stage setting a new record crest of 43.47' (the previous record was 43.1' set in 1939)."
227,Hurricane Fiona (September 2022),Tropical Cyclone,2022-09-17,2022-09-18,2685.7,2510.0,25.0,1,227,"Category 1 Hurricane Fiona causes widespread power outage across central and western Puerto Rico. Extreme rainfall (12-18 inches) from an intensifying hurricane resulted in widespread flooding and mudslides causing damage to many homes, businesses, vehicles and other infrastructure. The regional power grid was also significantly impaired."
228,Hurricane Ian (September 2022),Tropical Cyclone,2022-09-28,2022-09-30,119626.0,111800.0,152.0,2,228,"Ian made landfall near Cayo Costa, Florida, as a Category 4 Hurricane with sustained winds of 150 mph.More Info…"
229,Hurricane Nicole (November 2022),Tropical Cyclone,2022-11-10,2022-11-11,1081.2,1020.0,5.0,1,229,"Category 1 Hurricane Nicole made landfall at North Hutchinson Island, Florida producing heavy rain, flooding and coastal erosion. Many of the Florida counties and communities impacted by Nicole were still recovering from the high wind and flooding impacts of Hurricane Ian several weeks earlier. This compounded the existing damage and recovery timeline. Nicole was the first hurricane to make landfall in Florida during November since Hurricane Kate in 1985."
230,Central and Eastern Winter Storm and Cold Wave (December 2022),Winter Storm,2022-12-21,2022-12-26,8951.7,8445.0,87.0,5,230,"Historic winter storm and powerful arctic front caused significant impact across much of the nation, bringing heavy rains, snow, ice and high winds that sent temperatures plummeting. More than 200 million people were under a winter weather advisory or warning and more than a million customers, from Texas to Maine, were left without power. Buffalo, New York was paralyzed by near hurricane force winds and continuous snow squalls, which contributed to dozens of fatalities in the region. Additional impacts were widespread frozen water pipes that led to extensive water damage in many homes, businesses and to other critical infrastructure."
231,California Flooding (December 2022 - March 2023),Flooding,2022-12-26,2023-03-19,4725.0,4500.0,22.0,83,231,"Numerous atmospheric rivers in continuous succession caused severe flooding, record snowfall and copious rainfall that significantly reduced drought deficits across California, between late-December and March 2023. Flooding impacted many homes, businesses, levees, agriculture and other infrastructure particularly across central California."
232,Northeastern Winter Storm/Cold Wave (February 2023),Winter Storm,2023-02-02,2023-02-05,1838.8,1751.0,1.0,3,232,"A strong winter storm produced snow, high winds and bitter cold across numerous Northeastern states. High winds caused widespread power outages in Massachusetts while Mount Washington, New Hampshire observed a wind chill temperature of -108 degrees Fahrenheit. This was one of the coldest wind chill temperatures ever recorded in the United States."
233,Southern and Eastern Severe Weather (March 2023),Severe Storm,2023-03-02,2023-03-03,6170.0,5876.0,13.0,1,233,"Severe storms impact numerous southern and eastern states including Texas, Alabama, Mississippi, Tennessee, Kentucky, Indiana and Ohio. Impacts from high wind and tornadoes cause widespread damage to homes, vehicles, businesses, government buildings and infrastructure."
234,Southern and Eastern Severe Weather (April 2023),Severe Storm,2023-03-24,2023-03-26,2956.0,2815.0,23.0,2,234,"Southern and eastern severe storms including more than 40 tornadoes caused damage across Mississippi, Alabama, Georgia, Tennessee to many homes, businesses, vehicles and other infrastructure. Additional high wind damage occurred in parts of Ohio, West Virginia and Pennsylvania."
235,Central Tornado Outbreak and Eastern Severe Weather (March 2023),Severe Storm,2023-03-31,2023-04-01,5909.8,5628.0,33.0,1,235,"A historic tornado outbreak across numerous central states caused widespread damage from at least 145 tornadoes. States most impacted were Illinois, Indiana, Ohio, Missouri, Iowa, Arkansas, Tennessee and Pennsylvania where there was severe damage to homes, businesses, vehicles, agriculture and other infrastructure."
236,Southern/Midwestern Drought and Heatwave (Spring-Fall 2023),Drought,2023-04-01,2023-09-30,14786.7,14082.0,247.0,182,236,"Drought conditions impacted numerous Southern and Midwestern states (TX, LA, OK, KS, IL, MO, NE) and surrounding states. The agriculture sector has been impacted across these affected states including damage to field crops from lack of rainfall. Ranchers have also been forced to sell-off livestock early in some regions due to high feeding costs. For the second straight year, portions of the Mississippi River have experienced low water levels impacting river commerce. This low flow has also allowed salt water from the Gulf of Mexico to migrate northward, along the bottom of the Mississippi River, impacting water quality in southern Louisiana. Several Northwestern states including Washington, Oregon and Montana have also been impacted by increasing drought effects."
237,Central and Eastern Severe Weather (April 2023),Severe Storm,2023-04-04,2023-04-06,2956.1,2815.0,5.0,2,237,"Severe storms produced large hail, high winds and more than 35 tornadoes across many central and southern states. The states most affected were Illinois, Kentucky, Iowa, Indiana, Ohio, Missouri and Michigan where there was considerable damage to homes, businesses, agriculture, vehicles and other infrastructure."
238,Fort Lauderdale Flash Flood (April 2023),Flooding,2023-04-12,2023-04-13,1144.0,1100.0,0.0,1,238,"Historical rainfall and flash flooding inundated Fort Lauderdale and surrounding areas with over 25 inches of rainfall in less than 24 hours. This resulted in many flooded homes, vehicles and businesses. The Fort Lauderdale Airport also closed on April 13 due to the flooding."
239,Central and Southern Severe Weather (April 2023),Severe Storm,2023-04-15,2023-04-15,1401.9,1335.0,0.0,0,239,"Several central and southern states including Missouri, Arkansas, Illinois, Texas, Louisiana and the Florida Panhandle were impacted by hail, tornadoes and high winds. These storms caused damage to many homes, vehicles and businesses."
240,Central Severe Weather (April 2023),Severe Storm,2023-04-19,2023-04-20,3108.3,2960.0,1.0,1,240,"Severe hail, scattered tornadoes and high winds caused damage across numerous central states. Central Oklahoma was impacted by a cluster of tornadoes. Texas, Missouri, Nebraska, Kansas, Iowa, Illinois and Wisconsin was impacted by hail and high wind damage from severe storms."
241,Southern Severe Weather (April 2023),Severe Storm,2023-04-25,2023-04-27,1372.8,1320.0,0.0,2,241,"Southern severe weather across Texas, Georgia and Florida. Considerable hail and wind damage to many homes, businesses, vehicles and other infrastructure."
242,Central Severe Weather (May 2023),Severe Storm,2023-05-06,2023-05-08,2222.5,2137.0,1.0,2,242,"Severe weather across numerous central states including Missouri, Illinois, Iowa, and Indiana. There was additional damage in Kentucky, Tennessee, South Carolina and Texas. Large hail, high winds and torandoes caused widespread impact to many homes, businesses, vehicles, farms and other infrastructure."
243,Central and Eastern Tornadoes and Hail Storms (May 2023),Severe Storm,2023-05-10,2023-05-12,3563.0,3426.0,1.0,2,243,"Dozens of tornadoes and severe hail storms from the eastern Rockies and across several central states. The most costly severe hail impacts were focused in Colorado while numerous tornadoes also impacted western Kansas, central Oklahoma and eastern Nebraska. Texas and North Dakota were also impacted from combination of high winds, hail and isolated tornadoes with damage to homes, businesses, vehicles, farms and other infrastructure."
244,Texas Hail Storms (May 2023),Severe Storm,2023-05-18,2023-05-19,1690.0,1625.0,0.0,1,244,"Texas hail storms impact numerous counties across north central Texas. Collin county in particular was impacted by golf ball to tennis ball sized hail causing damage to homes, vehicles and businesses."
245,Typhoon Mawar (May 2023),Tropical Cyclone,2023-05-24,2023-05-25,4420.0,4250.0,2.0,1,245,"A Category 4 Typhoon struck Guam on May 24 battering the island for 15 hours until the early morning of May 25. Typhoon Mawar's wind speeds of up to 145 mph damaged residential and commercial buildings, vehicles and infrastructure. Several U.S. military bases including Andersen Air Force Base sustained considerable damage. Guam's international airport also sustained flood damage."
246,Southern Severe Weather (June 2023),Severe Storm,2023-06-11,2023-06-14,4193.2,4032.0,0.0,3,246,"Numerous southern states including Texas, Louisiana, Mississippi, Alabama, Georgia, Tennessee, Arkansas, South Carolina and Florida were impacted by hail, tornadoes and high winds. These storms caused damage to many homes, vehicles and businesses across several days of severe storm activity."
247,Central and Southern Severe Weather (June 2023),Severe Storm,2023-06-15,2023-06-18,3918.7,3768.0,5.0,3,247,"Severe storms produce over one thousand reports of damaging weather across Oklahoma, Texas, Mississippi, Georgia, Florida, Arkansas and Ohio. Among these reports were over 70 preliminary tornadoes including an EF-3 tornado in Louin, Mississippi. This combination of high winds, hail and tornadoes caused damage to homes, businesses, vehicles, agriculture and other infrastructure. The damage was most focused in Oklahoma."
248,Rockies Hail Storms and Central and Eastern Severe Weather (June 2023),Severe Storm,2023-06-21,2023-06-26,5453.9,5244.0,8.0,5,248,"Severe hail storms across Colorado damaged many homes, vehicles and injured approximately 100 people at a large outdoor concert. This multi-day outbreak of severe weather also produced more than 60 tornadoes across portions of Wyoming, Colorado, Minnesota, Indiana, Kentucky and Arkansas that caused damage to homes, businesses, vehicles, agriculture and other infrastructure."
249,Central Severe Weather (June 2023),Severe Storm,2023-06-28,2023-07-02,1976.8,1919.0,3.0,4,249,"Severe storms caused damage across numerous Central states. The state most impacted were Missouri, Illinois and Indiana while there were also damage in many surrounding states. The damage to many homes, vehicles, businesses and agriculture assets was largely from high wind and damaging hail but there were also scattered tornado impacts."
250,Northeastern Flooding and North Central Severe Weather (July 2023),Flooding,2023-07-09,2023-07-15,2230.4,2165.0,10.0,6,250,"Severe storms brought devastation and flooding to portions of the Northeast, as areas reported up to eight inches of rain within a 24-hour period. Montpelier, Vermont received a record-breaking 5.28 inches of rain, flooding the city and damaging thousands of homes and businesses. The wide scale flooding in Vermont was similar to the flood impacts from Hurricane Irene in 2011. Early estimates put the flood damage in West Point, New York at more than $100 ($103.0) million. There was also considerable damage to roads, bridges and agriculture across the Northeast. Severe storms also caused high wind and hail impacts across Wisconsin, Minnesota and Illinois."
251,North Central and Southeastern Severe Weather (July 2023),Severe Storm,2023-07-19,2023-07-21,1887.0,1832.0,1.0,2,251,"Severe storms caused damage across several North Central and Southeastern states. The states most impacted were Michigan, Wisconsin, Ohio, Tennessee and Georgia. Ping pong to golf ball-sized hail and high winds damaged many homes, vehicles, businesses and other infrastructure."
252,North Central and Eastern Severe Weather (July 2023),Severe Storm,2023-07-28,2023-07-29,1526.6,1482.0,2.0,1,252,"Severe storms caused damage across several North Central and Eastern states. The state most impacted were Nebraska, Missouri, Illinois, Indiana and Wisconsin. High wind, severe hail and tornadoes caused damage to many homes, vehicles, businesses and agriculture assets."
253,Northeastern and Eastern Severe Weather (August 2023),Severe Storm,2023-08-05,2023-08-08,1680.2,1631.0,4.0,3,253,"More than one thousand reports of high wind, severe hail or tornadoes across many Northeastern and Eastern states. August 7 was a prolific day of severe weather with damage reports from Georgia to New York. These storms caused impacts to many homes, vehicles, businesses, agriculture and other infrastructure."
254,Hawaii Firestorm (August 2023),Wildfire,2023-08-08,2023-08-08,5665.0,5500.0,100.0,0,254,"Devastating wildfires destroyed the historic town of Lahaina on Maui Island of Hawaii. Winds were enhanced from the strength and position of a high-pressure system located northwest of Hawaii, which helped to exacerbate the wildfire as it spread on the island of Maui. Hurricane Dora was also positioned south of Hawaii. This was the deadliest wildfire in the U.S. in over a century. Thousands of homes, vehicles and businesses were destroyed."
255,Minnesota Hail Storms (August 2023),Severe Storm,2023-08-11,2023-08-11,1828.3,1775.0,0.0,0,255,"Numerous hail storms caused extensive damage across south-central Minnesota. Golf ball to baseball-sized hail caused damage to the windows, siding and roofs of many homes, vehicles and businesses."
256,Hurricane Idalia (August 2023),Tropical Cyclone,2023-08-29,2023-08-31,3559.7,3456.0,5.0,2,256,"Hurricane Idalia made landfall near Keaton Beach in the Big Bend region of Florida as a strong Category 3 hurricane with winds of 125 mph. Idalia was the strongest hurricane to hit the Big Bend region in more than 125 years. Storm surge was about 8 feet above ground at Cedar Key, which caused heavy damage to homes, businesses, vehicles and other infrastructure. Other Big Bend coastal communities were also inundated by storm surge. Idalia produced 5 to 10 inches of rainfall across the Big Bend region of Florida and southeastern portions of Georgia and the Carolinas. The relatively low population density of the Big Bend region helped to reduce the physical exposure and damage costs. Significant flooding was reported in downtown Charleston, SC and nearby Edisto Beach. There was also 2 to 4 feet of storm surge along the Carolina coastline, which was exacerbated by the full moon and high tide cycle."
257,Southern Hail Storms (September 2023),Severe Storm,2023-09-23,2023-09-24,1694.5,1645.0,0.0,1,257,"Hail storms impact Texas, Oklahoma and Missouri. The most damaging impacts were in central Texas including Austin, Georgetown, Round Rock and Arlington on September 24. Towns north of Austin in particular were impacted by baseball sized hail causing damage to homes, vehicles and businesses."
258,East Coast Storm and Flooding (December 2023),Flooding,2023-12-16,2023-12-18,1314.4,1276.0,5.0,2,258,"Powerful east coast storm from Florida to Maine produced widespread impacts from heavy rainfall, flooding, high winds and coastal erosion. The heavy rainfall and snowmelt were amplified by record-high temperatures in the Northeast."
259,Southern/Eastern/Northwestern Drought and Heat Wave (2024),Drought,2024-01-01,2024-12-31,5417.0,5311.0,136.0,365,259,"Drought conditions impacted many Southern, Eastern and Northwestern states. This drought was more transient in its impacts over numerous states throughout the year. The states of Texas, Oklahoma and Kansas had some of the highest losses to crops from the effects of drought and heat. As the drought changed in intensity and duration throughout the year across several regions of the country. Several Northwestern states also had costly impacted to agriculture including Montana, Idaho and Washington. Numerous southern and eastern states from Mississippi through Pennsylvania also experienced crop impacts that were most severe in the Summer months. The drought conditions also strengthen through the Fall and Winter months impacting Maryland, Delaware and New Jersey. It was also one of the hottest years on record for a number of these states, which claimed more than 100 lives from excessive heat exposure. "
260,Southern Tornado Outbreak and East Coast Storm (January 2024),Severe Storm,2024-01-08,2024-01-10,2780.2,2726.0,3.0,2,260,"Southern tornado outbreak and east coast storm impacted more than a dozen states. At least 39 preliminary tornadoes were clustered around the Florida Panhandle through the Carolinas while hundreds of high wind reports were scattered up the East Coast reflecting damage to homes, businesses, vehicles and other infrastructure. The strongest tornado was an EF-3 that caused significant damage around Panama City Beach, Florida, after an intense waterspout moved onshore."
261,Northwest Winter Storm (January 2024),Winter Storm,2024-01-12,2024-01-14,1723.8,1690.0,20.0,2,261,"A strong artic front moved across Western Washington and Oregon on January 12 and 13 dropping temperatures below freezing. This allowed freezing rain to impact areas along the coast and the Willamette Valley northward into southwest Washington. Numerous locations including Springfield and the Portland metro area were affected by the icing and strong winds, which caused significant tree damage and power outages. Numerous homes, businesses, vehicles and other infrastructure were damaged."
262,Central Southern Northeastern Winter Storm and Cold Wave (January 2024),Winter Storm,2024-01-14,2024-01-18,1948.3,1910.0,41.0,4,262,"A bitterly cold airmass affected numerous central and southern states most including Illinois, Missouri, Kansas, Texas, Mississippi, Arkansas, Tennessee and Georgia. This long-duration cold wave produced sleet and freezing rain accumulations into the deep south, across much of Mississippi. High winds also pushed wind chills well below zero for many states contributing to dozens of fatalities, many in Tennessee. Damage also occurred to homes, vehicles and businesses from the high winds and frozen precipitation."
263,Southern Severe Weather (February 2024),Severe Storm,2024-02-10,2024-02-12,1072.0,1051.0,0.0,2,263,"Severe storms produced up to golf ball sized hail across central and eastern Texas causing damage to homes, vehicles and businesses. Additional damage from hail and high winds and training thunderstorms caused flooding across portions of Louisiana, Alabama, Georgia, Florida and North Carolina."
264,Central and Eastern Severe Weather (February 2024),Severe Storm,2024-02-27,2024-02-28,1534.0,1504.0,0.0,1,264,"Severe storms produced two dozen tornadoes, hail and high wind impacts across northern Illinois, central Ohio and southern Michigan. There were additional high wind impacts focused across northern Kentucky and northern Georgia causing damage to homes, vehicles, businesses and other infrastructure."
265,Central and Southern Severe Weather (March 2024),Severe Storm,2024-03-12,2024-03-14,6151.6,6031.0,3.0,2,265,"Damaging hail, tornadoes and high wind from severe storms impact many Central and Southern states. Kansas, Oklahoma and Missouri were affected by up to baseball-sized hail damaging homes, vehicles, businesses.  Illinois, Indiana and Ohio were impacted by hail, high wind and dozens of tornadoes including a deadly EF-3 striking northwest Ohio."
266,Central Tornado Outbreak and Eastern Severe Weather (April 2024),Severe Storm,2024-04-01,2024-04-03,2465.5,2441.0,3.0,2,266,"A central tornado outbreak produced more than 85 tornadoes across a three-day period from Oklahoma to West Virginia. This outbreak included 19 EF-0, 52 EF-1 and 14 EF-2 tornadoes, which were most concentrated across the Ohio River Valley on April 1-2. These tornadoes and severe weather impacts across several eastern states caused damage to homes, businesses, vehicles and other infrastructure."
267,Southern and Eastern Severe Weather (April 2024),Severe Storm,2024-04-08,2024-04-11,2725.1,2698.0,0.0,3,267,"Southern and eastern severe weather produced tornadoes, hail and high wind, from Texas to Virginia. The event began with severe hail and high wind impacts across central and eastern Texas, followed by more than 20 tornadoes impacting the Gulf Coast counties of Louisiana, Mississippi, Alabama and Florida. There were additional high wind and tornado impacts in North Carolina and Virginia."
268,Central and Southern Tornado Outbreak (April 2024),Severe Storm,2024-04-26,2024-04-28,1697.8,1681.0,3.0,2,268,"An outbreak producing more than 140 tornadoes developed across several central and southern states including Nebraska, Iowa, Kansas, Missouri, Oklahoma and Texas causing widespread damage to many homes, businesses, vehicles, agriculture and other infrastructure. Eastern Nebraska was particularly impacted by numerous strong tornadoes.  Lincoln narrowly avoided a direct hit, with a large tornado touching down on the edge of the city. The same storm also spawned a mile-wide tornado that heavily damaged the towns of Elkhorn, Bennington, and Blair on the outskirts of Omaha. On April 27, an EF-4 tornado struck Marietta, Oklahoma damaging a large commercial distribution center. Near downtown Omaha another EF-3 touched down at Eppley Airfield, which destroyed several hangars and airplanes. Several tornadoes also touched down close to Topeka, Kansas while an EF-3 tornado caused extensive damage to the town of Westmoreland."
269,Central Southern Southeastern Tornado Outbreak (May 2024),Severe Storm,2024-05-06,2024-05-09,6571.0,6571.0,3.0,3,269,"An outbreak producing more than 165 tornadoes developed across many central, southern and southeastern states. The states most affected include Oklahoma, Kansas, Nebraska, Michigan, Indiana, Ohio, Kentucky, Tennessee, Alabama, North Carolina, South Carolina, Georgia and Florida. This multi-day tornado outbreak produced at least 61 EF-0, 79 EF-1, 13 EF-2, three EF-3, one EF-4 tornado and dozens of EF-U (unknown/unrated) tornadoes, causing widespread damage to homes, businesses, vehicles, agriculture and other infrastructure. The towns of Barnsdall and Bartlesville, Oklahoma were impacted by an EF-4 tornado that caused extensive damage."
270,Southern Severe Weather (May 2024),Severe Storm,2024-05-11,2024-05-13,1124.0,1124.0,1.0,2,270,"Damaging hail, tornadoes and high wind impact central and eastern Texas, southern Louisiana and the Florida Panhandle on May 11-13. In addition to golf ball sized hail in Texas, more than a dozen tornadoes cause damage to homes, vehicles, businesses and other infrastructure in near coastal counties of Louisiana, Texas and Florida."
271,Southern Derecho (May 2024),Severe Storm,2024-05-16,2024-05-17,1551.0,1551.0,8.0,1,271,"A rare southern derecho event produced high wind damage from Texas to Florida. Central and eastern Texas were impacted by high winds at times exceeding 100 mph. These winds also ripped through downtown Houston blowing out numerous windows in skyscrapers causing considerable damage. Louisiana, Alabama and Florida also were impacted by damaging winds impacting many homes, vehicles and businesses."
272,Central Southern Eastern Severe Weather (May 2024),Severe Storm,2024-05-18,2024-05-22,4907.8,4859.0,5.0,4,272,"Severe storms across many central, southern and eastern states produced widespread impacts from several dozen tornadoes, severe hail and high winds. The states most impacted were Nebraska, Kansas, Oklahoma, Texas, Iowa and Wisconsin, as each experienced considerable damage to homes, vehicles, businesses, agriculture and additional infrastructure. On May 21, an EF-4 tornado cut a 44-mile path across southeast Iowa, with peak wind speeds of 175-185 mph. The town of Greenfield, Iowa was heavily damaged. Multiple 'Particularly Dangerous Situation (PDS)' watches were issued by NOAA's National Weather Service for these states, during this multi-day sequence. Several eastern states also sustained high wind damage from these storms."
273,Central Tornado Outbreak (May 2024),Severe Storm,2024-05-25,2024-05-26,3466.4,3432.0,16.0,1,273,"An outbreak producing more than 110 tornadoes developed across many central states. The states most affected include Missouri, Arkansas, Texas, Oklahoma, Illinois and Kentucky causing widespread damage to homes, businesses, vehicles, agriculture and other infrastructure. On May 25, an EF-3 tornado tracked through the Montague, Cooke and Denton counties of Texas, with maximum winds of 140 mph that caused seven fatalities and at least 100 injuries."
274,Texas Hail Storms (May 2024),Severe Storm,2024-05-27,2024-05-28,2348.3,2325.0,1.0,1,274,"Golfball to softball-sized hail caused extensive damage across north and east Texas. Some of these hail storms impacted major cities including Dallas and Houston where homes, vehicles, businesses and other infrastructure were damaged."
275,Colorado Hail Storms and Southern Severe Weather (May 2024),Severe Storm,2024-05-31,2024-06-01,3012.8,2983.0,0.0,1,275,"Severe hail storms caused damage across eastern Colorado, with numerous reports of golf ball to baseball-sized hail. There was considerable damage to homes, vehicles, businesses and other infrastructure. Severe storms also produced high wind damage across Texas."
276,Central and Eastern Severe Weather (June 2024),Severe Storm,2024-06-12,2024-06-14,1228.0,1228.0,0.0,2,276,"Damaging hail, high wind and tornadoes impact several central and eastern states including Missouri, Iowa, Kansas, Nebraska, Minnesota, Ohio, Michigan and Pennsylvania on June 12-14. Central and northern Minnesota received damage from quarter to golf ball sized hail while the metro region of Omaha, Nebraska experienced up to baseball sized hail damaging homes, vehicles and businesses. There were also two dozen tornadoes and hundreds of damaging wind reports across these states."
277,Upper Midwest Flooding (June 2024),Flooding,2024-06-16,2024-06-23,1113.0,1113.0,4.0,7,277,"Heavy rainfall created destructive flood conditions that damaged thousands of homes, vehicles, businesses and other infrastructure crops over a multi-state region. Across southern Minnesota and northwest Iowa, June precipitation totaled 10-15 inches, with much of the rainfall from June 16-23. This rainfall resulted in widespread catastrophic flooding that breached dams and levees, closed interstate highways, forced evacuations, and required numerous water rescues. Heavy rainfall also inundated crops that were impacted in parts of Minnesota, South Dakota, Iowa, Wisconsin and Michigan."
278,New Mexico Wildfires (June 2024),Wildfire,2024-06-17,2024-07-07,1780.0,1780.0,2.0,20,278,"Numerous wildfires cause damage to homes, vehicles, businesses, agriculture and other infrastructure in New Mexico during June and July. The most impactful wildfire so far this year is the South Fork Fire that began on June 17 near the town of Ruidoso. It spread rapidly due to strong winds and destroyed over one thousand structures"
279,Central and Northeast Severe Weather (June 2024),Severe Storm,2024-06-24,2024-06-26,1704.0,1704.0,3.0,2,279,"High wind, hail and tornadoes impact numerous central and northeastern states on June 24-26. Several states were impacted by tornadoes including Nebraska, Iowa, Pennsylvania, Rhode Island and Massachusetts. On June 25, an EF-3 tornado hit Whitman, Nebraska and the surrounding area. It was the first strong tornado to impact Grant County, Nebraska in more than 70 years. On June 26, a tornado that impacted Providence County, Rhode Island was the first June tornado reported in the state since records began in 1950."
280,Hurricane Beryl (July 2024),Tropical Cyclone,2024-07-08,2024-07-08,7219.0,7219.0,46.0,0,280,"Category 1 Hurricane Beryl made landfall in Texas on July 8 producing widespread high wind damage, as the storm was restrengthening at landfall. One significant impact were power outages that impacted millions of people for days. Beryl also produced more than 50 tornadoes across eastern Texas, western Louisiana and southern Arkansas. On July 1, Beryl became the earliest Category 5 hurricane and the second Category 5 on record during the month of July in the Atlantic Ocean."
281,Central and Eastern Tornado Outbreak and Severe Weather (July 2024),Severe Storm,2024-07-13,2024-07-16,2435.0,2435.0,2.0,3,281,"An outbreak producing more than 79 tornadoes developed across many central and eastern states. There were also over 1,000 reports of high wind and hail damage during this multi-day event. On July 15, this outbreak spawned 32 tornadoes and broke the Chicago-area record for the most tornadoes in a day. The states most impacted were Illinois, Indiana, Minnesota, Pennsylvania and New York that experienced considerable damage to homes, businesses, vehicles and other infrastructure."
282,Hurricane Debby (August 2024),Tropical Cyclone,2024-08-05,2024-08-09,2476.0,2476.0,17.0,4,282,"Category 1 Hurricane Debby made landfall on August 5 near Steinhatchee, Florida with 80 mph sustained winds and a second landfall near Bulls Bay, South Carolina as a tropical storm on August 8. Debby produced over 10 inches of rainfall from southwestern Florida up through the coastal sections of Georgia and the Carolinas. Debby continued to track up the East Coast affecting numerous states with heavy rain, flash flood and river flooding and strong winds. A frontal system merged with the remnants of Debby that led to flash flooding in parts of Pennsylvania, New Jersey and southeastern New York. This interaction also produced an EF-1 tornado that impacted Buffalo, New York."
283,Hurricane Francine (September 2024),Tropical Cyclone,2024-09-11,2024-09-12,1291.0,1291.0,0.0,1,283,"Category 2 Hurricane Francine made landfall in Terrebonne Parish, Louisiana on September 11, with 100 mph sustained winds. The storm caused wind and flood damage to homes, vehicles, businesses and other infrastructure across coastal Louisiana. Francine also produced heavy precipitation in parts of Alabama and Georgia. Muscle Shoals, AL recorded a three-day rainfall total of 9.02 inches beginning on September 12, which is its third highest 3-day total on record since 1893."
284,Hurricane Helene (September 2024),Tropical Cyclone,2024-09-24,2024-09-29,78721.0,78721.0,219.0,5,284,"Category 4 Hurricane Helene with 140 mph sustained winds was the strongest hurricane on record to strike the Big Bend region of Florida having made landfall near Perry, Florida on September 26. Helene was the third hurricane to hit the Big Bend region in just over a year. It caused up to 15 feet of storm surge along the Big Bend coast and six feet of surge as far south as St. Petersburg. It also caused billions of dollars in damage to Georgia's agriculture sector. Helene's most severe impacts were from the historic rainfall (up to 30+ inches) and flooding across much of western North Carolina. This flooding eclipsed the region's previous worst flood from 1916. Asheville and many surrounding cities and communities were heavily impacted. Southwestern Virginia and extreme eastern Tennessee were also heavily impacted. Damage came in many forms. Landslides, debris flows, and historic levels of flooding inundated and destroyed homes, businesses, parks, hospitals, the electrical, cellular and water system infrastructure, and damaged thousands of roads, highways and bridges, as examples. Additional information is currently being assembled that summarizes the vast scope of damage produced by Helene. Helene was the deadliest Atlantic hurricane since Maria (2017), and the deadliest to strike the U.S. mainland since Katrina (2005)."
285,Hurricane Milton (October 2024),Tropical Cyclone,2024-10-09,2024-10-10,34250.0,34250.0,32.0,1,285,"Category 3 Hurricane Milton with 120 mph sustained winds made landfall near Siesta Key, Florida on October 9. A storm surge of 5 to 10 feet cased damage from Naples to Charlotte Harbor. Milton's track to the south of Tampa Bay lessened storm surge impacts on the densely populated Tampa metro region. Dozens of tornadoes were also spawn from Milton that damaged many homes, businesses, vehicles and other infrastructure across southern Florida. Milton underwent rapid intensification into a Category 5 hurricane with 180 mph sustained winds and a 897 mb central pressure reading. An environment of enhanced wind shear the day prior to landfall reduced Milton's peak wind potential. "
